Harvests;Plots;Replicates;Hybrids;yd;wb
Yr1;1171;1;H117;14.54666667;0
Yr1;1172;2;H117;28.84666667;0
Yr1;1173;3;H117;24.72333333;0
Yr1;1174;4;H117;13.70666667;0
Yr1;1175;5;H117;46.28333333;0
Yr1;1176;6;H117;16.34;0
Yr1;1177;7;H117;16.27333333;0
Yr1;1178;8;H117;17.22666667;0
Yr1;1179;9;H117;32.83333333;0
Yr1;1181;1;H118;26.40333333;0
Yr1;1182;2;H118;7.506666667;0
Yr1;1183;3;H118;15.88333333;0
Yr1;1184;4;H118;30.96333333;0
Yr1;1185;5;H118;11.07333333;0
Yr1;1186;6;H118;17.99;0
Yr1;1187;7;H118;16.11333333;0
Yr1;1188;8;H118;10.34;0
Yr1;1189;9;H118;15.35666667;0
Yr1;1201;1;H120;16.84333333;0
Yr1;1202;2;H120;10.59;0
Yr1;1203;3;H120;25.96333333;0
Yr1;1204;4;H120;20.22;0
Yr1;1205;5;H120;18.56333333;0
Yr1;1211;1;H121;12.95333333;0
Yr1;1212;2;H121;13.96333333;0
Yr1;1213;3;H121;29.63;0
Yr1;1214;4;H121;19.67333333;0
Yr1;1215;5;H121;5.93;0
Yr1;1216;6;H121;10.6;0
Yr1;1217;7;H121;15.86;0
Yr1;1218;8;H121;18.33666667;0
Yr1;1219;9;H121;16.96666667;0
Yr1;1231;1;H123;17.03666667;0
Yr1;1232;2;H123;9.586666667;0
Yr1;1233;3;H123;3.856666667;0
Yr1;1234;4;H123;15.44666667;0
Yr1;1235;5;H123;6.316666667;0
Yr1;1236;6;H123;16.56;0
Yr1;1237;7;H123;15.10666667;0
Yr1;1238;8;H123;8.026666667;0
Yr1;1239;9;H123;5.24;0
Yr1;1241;1;H124;8.193333333;0
Yr1;1242;2;H124;13.67;0
Yr1;1243;3;H124;22.67333333;0
Yr1;1244;4;H124;12.31333333;0
Yr1;1245;5;H124;17.06666667;0
Yr1;1246;6;H124;19.99333333;0
Yr1;1247;7;H124;10.42666667;0
Yr1;1248;8;H124;13.44666667;0
Yr1;1249;9;H124;9.406666667;0
Yr1;1256;6;H125;31.70333333;0
Yr1;1257;7;H125;19.40333333;0
Yr1;1258;8;H125;23.68333333;0
Yr1;1259;9;H125;14.31666667;0
Yr1;1266;6;H126;8.433333333;0
Yr1;1267;7;H126;9.15;0
Yr1;1268;8;H126;6.963333333;0
Yr1;1269;9;H126;11.4;0
Yr1;1271;1;H127;25.99666667;0
Yr1;1272;2;H127;11.55666667;0
Yr1;1273;3;H127;29.53333333;0
Yr1;1274;4;H127;17.57333333;0
Yr1;1275;5;H127;13.98666667;0
Yr1;1276;6;H127;11.49666667;0
Yr1;1277;7;H127;11.13333333;0
Yr1;1278;8;H127;17;0
Yr1;1279;9;H127;32.94666667;0
Yr1;1281;1;H128;11.03666667;0
Yr1;1282;2;H128;15.19333333;0
Yr1;1283;3;H128;8.506666667;0
Yr1;1284;4;H128;3.64;0
Yr1;1285;5;H128;9.68;0
Yr1;1291;1;H129;21.91333333;0
Yr1;1292;2;H129;28.96666667;0
Yr1;1293;3;H129;14.12333333;0
Yr1;1294;4;H129;24.8;0
Yr1;1295;5;H129;25.33333333;0
Yr1;1301;1;H130;18.19666667;0
Yr1;1302;2;H130;11;0
Yr1;1303;3;H130;23.06666667;0
Yr1;1304;4;H130;19;0
Yr1;1305;5;H130;14.16;0
Yr1;1306;6;H130;21.09;0
Yr1;1307;7;H130;15.85;0
Yr1;1308;8;H130;15.72;0
Yr1;1309;9;H130;14.98;0
Yr1;1311;1;H131;23.7;0
Yr1;1312;2;H131;24.26333333;0
Yr1;1313;3;H131;19.05666667;0
Yr1;1314;4;H131;17.53333333;0
Yr1;1315;5;H131;25.12;0
Yr1;1316;6;H131;19.70666667;0
Yr1;1317;7;H131;12.38;0
Yr1;1318;8;H131;22.83333333;0
Yr1;1319;9;H131;24.59666667;0
Yr1;1321;1;H132;18.35333333;0
Yr1;1322;2;H132;22.08;0
Yr1;1323;3;H132;19.13666667;0
Yr1;1324;4;H132;16.94;0
Yr1;1325;5;H132;6.083333333;0
Yr1;1326;6;H132;17.90666667;0
Yr1;1327;7;H132;22.03333333;0
Yr1;1328;8;H132;14.97666667;0
Yr1;1329;9;H132;16.39666667;0
Yr1;1331;1;H133;24.97666667;0
Yr1;1332;2;H133;11.41333333;0
Yr1;1333;3;H133;12.04333333;0
Yr1;1334;4;H133;17.25;0
Yr1;1335;5;H133;21.15333333;0
Yr1;1346;6;H134;14.73666667;0
Yr1;1347;7;H134;12.33;0
Yr1;1348;8;H134;8.366666667;0
Yr1;1349;9;H134;9.746666667;0
Yr1;1351;1;H135;21.17333333;0
Yr1;1352;2;H135;17.86333333;0
Yr1;1353;3;H135;21.51;0
Yr1;1354;4;H135;8.486666667;0
Yr1;1355;5;H135;14.92666667;0
Yr1;1356;6;H135;9.16;0
Yr1;1357;7;H135;15.79333333;0
Yr1;1358;8;H135;21.84666667;0
Yr1;1359;9;H135;19.74666667;0
Yr1;1361;1;H136;16.64666667;0
Yr1;1362;2;H136;8.613333333;0
Yr1;1363;3;H136;11.94666667;0
Yr1;1364;4;H136;8.753333333;0
Yr1;1365;5;H136;12.77333333;0
Yr1;1366;6;H136;15.15333333;0
Yr1;1367;7;H136;15.47;0
Yr1;1368;8;H136;9.483333333;0
Yr1;1369;9;H136;17.63333333;0
Yr1;1371;1;H137;14.65;0
Yr1;1372;2;H137;14.54333333;0
Yr1;1373;3;H137;13.32333333;0
Yr1;1374;4;H137;20.04333333;0
Yr1;1375;5;H137;17.26333333;0
Yr1;1376;6;H137;26.39666667;0
Yr1;1377;7;H137;12.99333333;0
Yr1;1378;8;H137;26.97;0
Yr1;1379;9;H137;21.32666667;0
Yr1;1381;1;H138;22.8;0
Yr1;1382;2;H138;9.566666667;0
Yr1;1383;3;H138;17.67333333;0
Yr1;1384;4;H138;8.793333333;0
Yr1;1385;5;H138;15;0
Yr1;1386;6;H138;14.33333333;0
Yr1;1387;7;H138;12.54;0
Yr1;1388;8;H138;22.86333333;0
Yr1;1389;9;H138;4.483333333;0
Yr1;1401;1;H140;12.14666667;0
Yr1;1402;2;H140;22.55666667;0
Yr1;1403;3;H140;22.87333333;0
Yr1;1404;4;H140;17.90333333;1
Yr1;1405;5;H140;6.996666667;0
Yr1;1436;6;H143;20.5;0
Yr1;1437;7;H143;10.36666667;0
Yr1;1438;8;H143;20.21;0
Yr1;1439;9;H143;14.34;0
Yr1;1446;6;H144;11.67;0
Yr1;1447;7;H144;22.29;0
Yr1;1448;8;H144;11.37333333;0
Yr1;1449;9;H144;12.98666667;0
Yr1;1491;1;H149;12.04333333;0
Yr1;1492;2;H149;15.52333333;0
Yr1;1493;3;H149;17.12;0
Yr1;1494;4;H149;8.766666667;0
Yr1;1495;5;H149;14.48;0
Yr1;1506;6;H150;24.88;0
Yr1;1507;7;H150;13.58;0
Yr1;1508;8;H150;16.10666667;0
Yr1;1509;9;H150;28.87;0
Yr1;1521;1;H152;15.84333333;0
Yr1;1522;2;H152;6.303333333;0
Yr1;1523;3;H152;8.996666667;0
Yr1;1524;4;H152;19.37666667;0
Yr1;1525;5;H152;7.436666667;0
Yr1;1526;6;H152;32.74666667;0
Yr1;1527;7;H152;13.23666667;0
Yr1;1528;8;H152;13.69333333;0
Yr1;1529;9;H152;7.586666667;0
Yr1;1571;1;H157;34.31;0
Yr1;1572;2;H157;9.846666667;0
Yr1;1573;3;H157;17.24333333;0
Yr1;1574;4;H157;34.18666667;0
Yr1;1575;5;H157;9.553333333;0
Yr1;1611;1;H161;13.98666667;0
Yr1;1612;2;H161;5.306666667;0
Yr1;1613;3;H161;26.44;0
Yr1;1614;4;H161;14.89333333;0
Yr1;1615;5;H161;9.966666667;0
Yr1;1626;6;H162;9.446666667;0
Yr1;1627;7;H162;17.66666667;0
Yr1;1628;8;H162;6.133333333;0
Yr1;1629;9;H162;12.31;0
Yr1;1636;6;H163;14.96333333;0
Yr1;1637;7;H163;10.16666667;0
Yr1;1638;8;H163;11.58;0
Yr1;1639;9;H163;8.693333333;0
Yr1;1651;1;H165;21.06666667;0
Yr1;1652;2;H165;29.99333333;0
Yr1;1653;3;H165;26.52;0
Yr1;1654;4;H165;35.15;0
Yr1;1655;5;H165;12.56;0
Yr1;1656;6;H165;22.00666667;0
Yr1;1657;7;H165;14.01666667;0
Yr1;1658;8;H165;25.43666667;0
Yr1;1659;9;H165;18.76;0
Yr1;1661;1;H166;20.54666667;0
Yr1;1662;2;H166;21.63333333;0
Yr1;1663;3;H166;22.49;0
Yr1;1664;4;H166;14.76;0
Yr1;1665;5;H166;24.20666667;0
Yr1;1666;6;H166;8.09;0
Yr1;1667;7;H166;12.25;0
Yr1;1668;8;H166;16;0
Yr1;1669;9;H166;22.86666667;0
Yr1;1671;1;H167;11.18333333;0
Yr1;1672;2;H167;19.69666667;0
Yr1;1673;3;H167;15.54666667;0
Yr1;1674;4;H167;16.87333333;0
Yr1;1675;5;H167;14.01333333;0
Yr1;1696;6;H169;23.03666667;0
Yr1;1697;7;H169;6.633333333;0
Yr1;1698;8;H169;12.74;0
Yr1;1699;9;H169;24.66;0
Yr1;11710;10;H117;15.40666667;0
Yr1;11810;10;H118;9.813333333;0
Yr1;12110;10;H121;17.64;0
Yr1;12310;10;H123;13.26333333;0
Yr1;12410;10;H124;21.42;0
Yr1;12510;10;H125;29.36666667;0
Yr1;12610;10;H126;7.88;0
Yr1;12710;10;H127;21.71333333;0
Yr1;13010;10;H130;18.87333333;0
Yr1;13110;10;H131;32.40333333;0
Yr1;13210;10;H132;20.79666667;0
Yr1;13410;10;H134;4.183333333;0
Yr1;13510;10;H135;20.27333333;0
Yr1;13610;10;H136;19.89;0
Yr1;13710;10;H137;15.78;0
Yr1;13810;10;H138;14.41666667;0
Yr1;14310;10;H143;15.60333333;0
Yr1;14410;10;H144;13.09333333;0
Yr1;15010;10;H150;5.72;0
Yr1;15210;10;H152;16.39333333;0
Yr1;16210;10;H162;12.08333333;0
Yr1;16310;10;H163;12.80333333;0
Yr1;16510;10;H165;21.41666667;0
Yr1;16610;10;H166;15.33;0
Yr1;16910;10;H169;15.25666667;0
Yr2;1171;1;H117;10.79;0
Yr2;1172;2;H117;26.28;0
Yr2;1173;3;H117;21.12666667;0
Yr2;1174;4;H117;16.02666667;0
Yr2;1175;5;H117;36.23333333;0
Yr2;1176;6;H117;26.385;0
Yr2;1177;7;H117;18.61;0
Yr2;1178;8;H117;21.78333333;0
Yr2;1179;9;H117;20.31666667;0
Yr2;1181;1;H118;17.23333333;0
Yr2;1182;2;H118;8.346666667;0
Yr2;1183;3;H118;19.97666667;0
Yr2;1184;4;H118;8.713333333;0
Yr2;1185;5;H118;19.09;0
Yr2;1186;6;H118;14.97666667;0
Yr2;1187;7;H118;24.78666667;0
Yr2;1188;8;H118;11.79666667;0
Yr2;1189;9;H118;13.22666667;0
Yr2;1201;1;H120;18.94;0
Yr2;1202;2;H120;8.696666667;0
Yr2;1203;3;H120;18.87;0
Yr2;1204;4;H120;26.73333333;0
Yr2;1205;5;H120;15.00666667;0
Yr2;1211;1;H121;12.47;0
Yr2;1212;2;H121;28.15333333;0
Yr2;1213;3;H121;21.60333333;1
Yr2;1214;4;H121;11.29666667;0
Yr2;1215;5;H121;3.863333333;0
Yr2;1216;6;H121;11.45666667;0
Yr2;1217;7;H121;12.07666667;0
Yr2;1218;8;H121;24.38;0
Yr2;1219;9;H121;23.5;0
Yr2;1231;1;H123;15.72666667;0
Yr2;1232;2;H123;13.61;0
Yr2;1233;3;H123;5.44;0
Yr2;1234;4;H123;16.67333333;0
Yr2;1235;5;H123;7.533333333;0
Yr2;1236;6;H123;6.55;0
Yr2;1237;7;H123;12.87;0
Yr2;1238;8;H123;5.026666667;0
Yr2;1239;9;H123;0.67;0
Yr2;1241;1;H124;18.03;0
Yr2;1242;2;H124;28.45;0
Yr2;1243;3;H124;5.6;0
Yr2;1244;4;H124;12.86;0
Yr2;1245;5;H124;20.83666667;0
Yr2;1246;6;H124;10.18333333;0
Yr2;1247;7;H124;6.683333333;0
Yr2;1248;8;H124;13.84;0
Yr2;1249;9;H124;21.16333333;0
Yr2;1256;6;H125;24.37666667;0
Yr2;1257;7;H125;29.42;0
Yr2;1258;8;H125;29.52333333;0
Yr2;1259;9;H125;23.22;0
Yr2;1266;6;H126;13.29333333;0
Yr2;1267;7;H126;15.13666667;0
Yr2;1268;8;H126;6.44;0
Yr2;1269;9;H126;15.6;0
Yr2;1271;1;H127;23.65;0
Yr2;1272;2;H127;10.48;0
Yr2;1273;3;H127;14.8;0
Yr2;1274;4;H127;21.10666667;0
Yr2;1275;5;H127;9.086666667;0
Yr2;1276;6;H127;21.80333333;0
Yr2;1277;7;H127;16.4;0
Yr2;1278;8;H127;22.15666667;0
Yr2;1279;9;H127;34.22;0
Yr2;1281;1;H128;10.55333333;0
Yr2;1282;2;H128;12.27;0
Yr2;1283;3;H128;1.826666667;0
Yr2;1284;4;H128;13.08666667;0
Yr2;1285;5;H128;11.52;0
Yr2;1291;1;H129;9.456666667;0
Yr2;1292;2;H129;19.40666667;0
Yr2;1293;3;H129;5.886666667;0
Yr2;1294;4;H129;23.34;0
Yr2;1295;5;H129;14.51;0
Yr2;1301;1;H130;14.72333333;0
Yr2;1302;2;H130;9.68;0
Yr2;1303;3;H130;16.39;0
Yr2;1304;4;H130;24.86666667;0
Yr2;1305;5;H130;12.13666667;0
Yr2;1306;6;H130;22.60333333;0
Yr2;1307;7;H130;16.92;0
Yr2;1308;8;H130;16;0
Yr2;1309;9;H130;23.52666667;0
Yr2;1311;1;H131;18.31;0
Yr2;1312;2;H131;16.74;0
Yr2;1313;3;H131;9.296666667;0
Yr2;1314;4;H131;27.79;0
Yr2;1315;5;H131;22.79;0
Yr2;1316;6;H131;15.32333333;0
Yr2;1317;7;H131;13.21;0
Yr2;1318;8;H131;18.14333333;0
Yr2;1319;9;H131;12.58333333;0
Yr2;1321;1;H132;11.82;0
Yr2;1322;2;H132;11.34666667;0
Yr2;1323;3;H132;10.27333333;0
Yr2;1324;4;H132;16.28;0
Yr2;1325;5;H132;11.11;0
Yr2;1326;6;H132;16.59666667;0
Yr2;1327;7;H132;12.73;0
Yr2;1328;8;H132;14.31333333;0
Yr2;1329;9;H132;19.645;0
Yr2;1331;1;H133;9.845;0
Yr2;1332;2;H133;3.13;0
Yr2;1333;3;H133;23.37333333;0
Yr2;1334;4;H133;12.3;0
Yr2;1335;5;H133;18.70333333;0
Yr2;1346;6;H134;26.99333333;0
Yr2;1347;7;H134;14.47666667;0
Yr2;1348;8;H134;8.496666667;0
Yr2;1349;9;H134;20.83666667;0
Yr2;1351;1;H135;17.73;0
Yr2;1352;2;H135;21.13;0
Yr2;1353;3;H135;17.42;0
Yr2;1354;4;H135;15.78666667;0
Yr2;1355;5;H135;19.47666667;0
Yr2;1356;6;H135;16.72;0
Yr2;1357;7;H135;14.30666667;0
Yr2;1358;8;H135;22.85666667;0
Yr2;1359;9;H135;11.88333333;0
Yr2;1361;1;H136;13.86333333;0
Yr2;1362;2;H136;5.78;0
Yr2;1363;3;H136;14.13333333;0
Yr2;1364;4;H136;15.04333333;0
Yr2;1365;5;H136;15.785;0
Yr2;1366;6;H136;24.28;0
Yr2;1367;7;H136;14.00333333;0
Yr2;1368;8;H136;20.44666667;0
Yr2;1369;9;H136;14.17666667;0
Yr2;1371;1;H137;17.88;0
Yr2;1372;2;H137;10.22333333;0
Yr2;1373;3;H137;18.48333333;0
Yr2;1374;4;H137;23.82;0
Yr2;1375;5;H137;17.65666667;0
Yr2;1376;6;H137;22.31;0
Yr2;1377;7;H137;15.32;0
Yr2;1378;8;H137;29.05333333;0
Yr2;1379;9;H137;18.13333333;0
Yr2;1381;1;H138;9.12;0
Yr2;1382;2;H138;19.15;0
Yr2;1383;3;H138;28.03;0
Yr2;1384;4;H138;14.78333333;0
Yr2;1385;5;H138;14.36;0
Yr2;1386;6;H138;23.76;0
Yr2;1387;7;H138;19.41666667;0
Yr2;1388;8;H138;15.05333333;0
Yr2;1389;9;H138;10.11;0
Yr2;1401;1;H140;22.935;0
Yr2;1402;2;H140;26.06333333;0
Yr2;1403;3;H140;20.09333333;0
Yr2;1404;4;H140;22.58;1
Yr2;1405;5;H140;9.973333333;0
Yr2;1436;6;H143;21.93666667;0
Yr2;1437;7;H143;9.61;0
Yr2;1438;8;H143;14.16333333;0
Yr2;1439;9;H143;13.92666667;0
Yr2;1446;6;H144;19.08666667;0
Yr2;1447;7;H144;16.82666667;0
Yr2;1448;8;H144;13.25333333;0
Yr2;1449;9;H144;8.626666667;1
Yr2;1491;1;H149;21.28333333;0
Yr2;1492;2;H149;18.32;0
Yr2;1493;3;H149;16.79666667;0
Yr2;1494;4;H149;19.64666667;0
Yr2;1495;5;H149;18.65666667;0
Yr2;1506;6;H150;22.845;0
Yr2;1507;7;H150;21.92;0
Yr2;1508;8;H150;12.69333333;0
Yr2;1509;9;H150;33.52666667;0
Yr2;1521;1;H152;20.27666667;0
Yr2;1522;2;H152;10.37;0
Yr2;1523;3;H152;28.49333333;0
Yr2;1524;4;H152;20.52;0
Yr2;1525;5;H152;7.33;0
Yr2;1526;6;H152;32.04;0
Yr2;1527;7;H152;11.90666667;0
Yr2;1528;8;H152;22.395;0
Yr2;1529;9;H152;14.68;0
Yr2;1571;1;H157;20.27666667;0
Yr2;1572;2;H157;12.965;0
Yr2;1573;3;H157;10.77333333;0
Yr2;1574;4;H157;14.64;0
Yr2;1575;5;H157;16.52666667;0
Yr2;1611;1;H161;19.24666667;0
Yr2;1612;2;H161;11.2;1
Yr2;1613;3;H161;33.42;0
Yr2;1614;4;H161;22.04666667;0
Yr2;1615;5;H161;30.75;0
Yr2;1626;6;H162;16.79666667;0
Yr2;1627;7;H162;16.64666667;0
Yr2;1628;8;H162;27.16666667;0
Yr2;1629;9;H162;26.55333333;1
Yr2;1636;6;H163;26.815;0
Yr2;1637;7;H163;15.195;0
Yr2;1638;8;H163;21.06;0
Yr2;1639;9;H163;31.45;0
Yr2;1651;1;H165;37.68666667;0
Yr2;1652;2;H165;28.16;0
Yr2;1653;3;H165;45.04333333;0
Yr2;1654;4;H165;26.32333333;0
Yr2;1655;5;H165;12.73666667;0
Yr2;1656;6;H165;25.23;0
Yr2;1657;7;H165;21.62666667;0
Yr2;1658;8;H165;26.12;0
Yr2;1659;9;H165;19.5;0
Yr2;1661;1;H166;23.88666667;0
Yr2;1662;2;H166;40.38;0
Yr2;1663;3;H166;28.22;0
Yr2;1664;4;H166;22.38333333;0
Yr2;1665;5;H166;16.17;0
Yr2;1666;6;H166;22.88;0
Yr2;1667;7;H166;22.29;0
Yr2;1668;8;H166;13.35;0
Yr2;1669;9;H166;42;0
Yr2;1671;1;H167;9.563333333;0
Yr2;1672;2;H167;28.74;0
Yr2;1673;3;H167;28.24;0
Yr2;1674;4;H167;26.76;0
Yr2;1675;5;H167;37.34;0
Yr2;1696;6;H169;26.62666667;0
Yr2;1697;7;H169;25.44666667;0
Yr2;1698;8;H169;20.7;0
Yr2;1699;9;H169;22.36666667;0
Yr2;11710;10;H117;19.19333333;0
Yr2;11810;10;H118;3.556666667;0
Yr2;12110;10;H121;1.38;1
Yr2;12310;10;H123;13.09;0
Yr2;12410;10;H124;13.28;0
Yr2;12510;10;H125;23.57333333;0
Yr2;12610;10;H126;12.67666667;0
Yr2;12710;10;H127;33.32333333;0
Yr2;13010;10;H130;28.17333333;0
Yr2;13110;10;H131;15.64;0
Yr2;13210;10;H132;22.60333333;0
Yr2;13410;10;H134;8.135;0
Yr2;13510;10;H135;15.94333333;0
Yr2;13610;10;H136;17.21333333;0
Yr2;13710;10;H137;21.96333333;0
Yr2;13810;10;H138;32.82666667;0
Yr2;14310;10;H143;23.13666667;0
Yr2;14410;10;H144;16.495;0
Yr2;15010;10;H150;29.64;0
Yr2;15210;10;H152;16.13333333;0
Yr2;16210;10;H162;15.66666667;0
Yr2;16310;10;H163;25.79;0
Yr2;16510;10;H165;37.21333333;0
Yr2;16610;10;H166;17.55333333;0
Yr2;16910;10;H169;37.88333333;0
Yr3;1171;1;H117;14.99666667;0
Yr3;1172;2;H117;12.37;0
Yr3;1173;3;H117;20.49333333;0
Yr3;1174;4;H117;16.74666667;0
Yr3;1175;5;H117;54.905;0
Yr3;1176;6;H117;35.315;0
Yr3;1177;7;H117;14.35333333;0
Yr3;1178;8;H117;21.73;0
Yr3;1179;9;H117;16.96333333;0
Yr3;1181;1;H118;36.48333333;0
Yr3;1182;2;H118;13.82;0
Yr3;1183;3;H118;35.94333333;0
Yr3;1184;4;H118;14.3;0
Yr3;1185;5;H118;30.74333333;0
Yr3;1186;6;H118;10.49666667;0
Yr3;1187;7;H118;25.23666667;0
Yr3;1188;8;H118;12.74;0
Yr3;1189;9;H118;10.08666667;0
Yr3;1201;1;H120;28.15;0
Yr3;1202;2;H120;17.81;1
Yr3;1203;3;H120;24.57666667;0
Yr3;1204;4;H120;40.92666667;0
Yr3;1205;5;H120;25.07333333;0
Yr3;1211;1;H121;14.25;0
Yr3;1212;2;H121;37.97333333;0
Yr3;1213;3;H121;27.42666667;0
Yr3;1214;4;H121;17.24;0
Yr3;1215;5;H121;4.953333333;0
Yr3;1216;6;H121;12.60666667;0
Yr3;1217;7;H121;4.606666667;0
Yr3;1218;8;H121;15.46333333;0
Yr3;1219;9;H121;25.79666667;0
Yr3;1231;1;H123;22.00333333;0
Yr3;1232;2;H123;16.04666667;0
Yr3;1233;3;H123;4.25;0
Yr3;1234;4;H123;11.64;0
Yr3;1235;5;H123;16.03;0
Yr3;1236;6;H123;8.293333333;0
Yr3;1237;7;H123;7.58;0
Yr3;1238;8;H123;8.026666667;0
Yr3;1239;9;H123;2.98;0
Yr3;1241;1;H124;20.20666667;0
Yr3;1242;2;H124;35.89;0
Yr3;1243;3;H124;23.19;0
Yr3;1244;4;H124;19.09;0
Yr3;1245;5;H124;31.43333333;0
Yr3;1246;6;H124;14.74;0
Yr3;1247;7;H124;16.39333333;0
Yr3;1248;8;H124;11.61666667;0
Yr3;1249;9;H124;20.15;0
Yr3;1256;6;H125;48.23;0
Yr3;1257;7;H125;33.67;0
Yr3;1258;8;H125;16.85666667;0
Yr3;1259;9;H125;14.76333333;0
Yr3;1266;6;H126;14.26;0
Yr3;1267;7;H126;19.96333333;0
Yr3;1268;8;H126;5.34;0
Yr3;1269;9;H126;18.6;1
Yr3;1271;1;H127;24.44;0
Yr3;1272;2;H127;20.86;0
Yr3;1273;3;H127;26.41;0
Yr3;1274;4;H127;19.88666667;0
Yr3;1275;5;H127;17.77333333;0
Yr3;1276;6;H127;26.44;0
Yr3;1277;7;H127;24.65;0
Yr3;1278;8;H127;19.26666667;0
Yr3;1279;9;H127;30.49666667;0
Yr3;1281;1;H128;21.51;0
Yr3;1282;2;H128;17.68;0
Yr3;1283;3;H128;4.546666667;0
Yr3;1284;4;H128;16.25666667;0
Yr3;1285;5;H128;22.65333333;0
Yr3;1291;1;H129;20.79;0
Yr3;1292;2;H129;22.01333333;0
Yr3;1293;3;H129;17.32666667;0
Yr3;1294;4;H129;22.64;0
Yr3;1295;5;H129;23.34333333;0
Yr3;1301;1;H130;27.62;0
Yr3;1302;2;H130;17.38;0
Yr3;1303;3;H130;26.39333333;0
Yr3;1304;4;H130;27.93333333;0
Yr3;1305;5;H130;9.493333333;0
Yr3;1306;6;H130;28.06666667;0
Yr3;1307;7;H130;13.62;0
Yr3;1308;8;H130;23.48666667;0
Yr3;1309;9;H130;13.26;0
Yr3;1311;1;H131;41.99333333;0
Yr3;1312;2;H131;18.66666667;0
Yr3;1313;3;H131;8.756666667;0
Yr3;1314;4;H131;25.06;0
Yr3;1315;5;H131;37.08666667;0
Yr3;1316;6;H131;26.89;0
Yr3;1317;7;H131;15.365;0
Yr3;1318;8;H131;18.81;0
Yr3;1319;9;H131;12.80666667;0
Yr3;1321;1;H132;34.99333333;0
Yr3;1322;2;H132;17.43;0
Yr3;1323;3;H132;10.21666667;0
Yr3;1324;4;H132;16.11;0
Yr3;1325;5;H132;26.235;0
Yr3;1326;6;H132;14.25666667;0
Yr3;1327;7;H132;21.50666667;0
Yr3;1328;8;H132;14.63666667;0
Yr3;1329;9;H132;5.07;0
Yr3;1331;1;H133;19.28;0
Yr3;1332;2;H133;20.35;0
Yr3;1333;3;H133;22.89666667;0
Yr3;1334;4;H133;15.25;0
Yr3;1335;5;H133;22.17666667;0
Yr3;1346;6;H134;15.73333333;0
Yr3;1347;7;H134;13.89666667;0
Yr3;1348;8;H134;22.72;0
Yr3;1349;9;H134;26.60666667;0
Yr3;1351;1;H135;15.66333333;0
Yr3;1352;2;H135;31.03333333;0
Yr3;1353;3;H135;31.24666667;0
Yr3;1354;4;H135;12.56;0
Yr3;1355;5;H135;21.27666667;0
Yr3;1356;6;H135;15.16333333;0
Yr3;1357;7;H135;23.91666667;0
Yr3;1358;8;H135;29.14666667;0
Yr3;1359;9;H135;16.08666667;0
Yr3;1361;1;H136;17.26;0
Yr3;1362;2;H136;8.98;0
Yr3;1363;3;H136;8.346666667;0
Yr3;1364;4;H136;20.47;0
Yr3;1365;5;H136;40.115;0
Yr3;1366;6;H136;15.26333333;0
Yr3;1367;7;H136;16.27666667;0
Yr3;1368;8;H136;6.5;0
Yr3;1369;9;H136;30.97333333;0
Yr3;1371;1;H137;27.48666667;0
Yr3;1372;2;H137;29.9;0
Yr3;1373;3;H137;20.43666667;0
Yr3;1374;4;H137;24.22333333;0
Yr3;1375;5;H137;31.99333333;0
Yr3;1376;6;H137;23.55333333;0
Yr3;1377;7;H137;7.85;0
Yr3;1378;8;H137;27.14;0
Yr3;1379;9;H137;23.08;0
Yr3;1381;1;H138;19.25333333;0
Yr3;1382;2;H138;23.51666667;0
Yr3;1383;3;H138;24.42666667;0
Yr3;1384;4;H138;20.96333333;0
Yr3;1385;5;H138;18.95333333;0
Yr3;1386;6;H138;21.64666667;1
Yr3;1387;7;H138;28.40333333;0
Yr3;1388;8;H138;23.62333333;0
Yr3;1389;9;H138;18.53;0
Yr3;1401;1;H140;22.94;0
Yr3;1402;2;H140;42.95666667;0
Yr3;1403;3;H140;28.11666667;0
Yr3;1404;4;H140;33.84333333;0
Yr3;1405;5;H140;16.92;0
Yr3;1436;6;H143;28.71666667;0
Yr3;1437;7;H143;13.71666667;0
Yr3;1438;8;H143;9.05;0
Yr3;1439;9;H143;22.38333333;0
Yr3;1446;6;H144;21.90333333;0
Yr3;1447;7;H144;20.26666667;0
Yr3;1448;8;H144;22.33666667;0
Yr3;1449;9;H144;16.41;0
Yr3;1491;1;H149;20.69666667;0
Yr3;1492;2;H149;28.84333333;0
Yr3;1493;3;H149;20.15;0
Yr3;1494;4;H149;29.53;0
Yr3;1495;5;H149;29.66;0
Yr3;1506;6;H150;19.68;0
Yr3;1507;7;H150;17.77333333;0
Yr3;1508;8;H150;22.37333333;1
Yr3;1509;9;H150;22.31666667;0
Yr3;1521;1;H152;18.93333333;0
Yr3;1522;2;H152;21.365;0
Yr3;1523;3;H152;27.85333333;0
Yr3;1524;4;H152;11.38333333;0
Yr3;1525;5;H152;22.89666667;0
Yr3;1526;6;H152;23.62666667;0
Yr3;1527;7;H152;6.39;0
Yr3;1528;8;H152;38.565;0
Yr3;1529;9;H152;11.14;0
Yr3;1571;1;H157;28.80333333;0
Yr3;1572;2;H157;10.16;0
Yr3;1573;3;H157;10.84333333;0
Yr3;1574;4;H157;10.99666667;0
Yr3;1575;5;H157;30;0
Yr3;1611;1;H161;19.57;1
Yr3;1612;2;H161;26.18;0
Yr3;1613;3;H161;23.77666667;0
Yr3;1614;4;H161;21.50333333;0
Yr3;1615;5;H161;18.11;0
Yr3;1626;6;H162;32.59333333;0
Yr3;1627;7;H162;17.56666667;0
Yr3;1628;8;H162;13.57;0
Yr3;1629;9;H162;16.81;1
Yr3;1636;6;H163;37.25;0
Yr3;1637;7;H163;20.605;0
Yr3;1638;8;H163;17.72333333;0
Yr3;1639;9;H163;26.75;0
Yr3;1651;1;H165;47.8;0
Yr3;1652;2;H165;30.82;0
Yr3;1653;3;H165;59.3;0
Yr3;1654;4;H165;26.27;0
Yr3;1655;5;H165;16.37666667;0
Yr3;1656;6;H165;23.31333333;0
Yr3;1657;7;H165;8.126666667;0
Yr3;1658;8;H165;27.68666667;0
Yr3;1659;9;H165;21.28;0
Yr3;1661;1;H166;28.1;0
Yr3;1662;2;H166;29.61666667;0
Yr3;1663;3;H166;18.36333333;0
Yr3;1664;4;H166;12.72333333;0
Yr3;1665;5;H166;34.48;0
Yr3;1666;6;H166;2.86;0
Yr3;1667;7;H166;24.275;0
Yr3;1668;8;H166;20.56;0
Yr3;1669;9;H166;23.03333333;0
Yr3;1671;1;H167;30.44;0
Yr3;1672;2;H167;28.28666667;0
Yr3;1673;3;H167;27.15666667;0
Yr3;1674;4;H167;24.53333333;0
Yr3;1675;5;H167;26.55;0
Yr3;1696;6;H169;45.02333333;0
Yr3;1697;7;H169;19.69;0
Yr3;1698;8;H169;19.00333333;1
Yr3;1699;9;H169;18.41;0
Yr3;11710;10;H117;13.23;0
Yr3;11810;10;H118;5.276666667;0
Yr3;12110;10;H121;1.38;0
Yr3;12310;10;H123;11.35333333;0
Yr3;12410;10;H124;10.38333333;0
Yr3;12510;10;H125;27.25666667;0
Yr3;12610;10;H126;13.08;0
Yr3;12710;10;H127;15.60333333;0
Yr3;13010;10;H130;19.89333333;0
Yr3;13110;10;H131;5.643333333;0
Yr3;13210;10;H132;25.06333333;0
Yr3;13410;10;H134;15.15;0
Yr3;13510;10;H135;19.03666667;0
Yr3;13610;10;H136;12.91333333;0
Yr3;13710;10;H137;18.52666667;0
Yr3;13810;10;H138;29.54;0
Yr3;14310;10;H143;25.91;0
Yr3;14410;10;H144;17.2;0
Yr3;15010;10;H150;4.68;1
Yr3;15210;10;H152;14.41333333;0
Yr3;16210;10;H162;29.46666667;0
Yr3;16310;10;H163;25.39;0
Yr3;16510;10;H165;20.69666667;0
Yr3;16610;10;H166;16.65;0
Yr3;16910;10;H169;38.80666667;0
Yr4;1171;1;H117;48.29;0
Yr4;1172;2;H117;32.46;0
Yr4;1173;3;H117;33.30333333;0
Yr4;1174;4;H117;26.27666667;0
Yr4;1175;5;H117;66.82;0
Yr4;1176;6;H117;48.235;0
Yr4;1177;7;H117;16.50666667;0
Yr4;1178;8;H117;26.41333333;0
Yr4;1179;9;H117;28.45;0
Yr4;1181;1;H118;26.19666667;0
Yr4;1182;2;H118;19.145;0
Yr4;1183;3;H118;36.45;0
Yr4;1184;4;H118;28.41;0
Yr4;1185;5;H118;26.32333333;0
Yr4;1186;6;H118;24.99666667;1
Yr4;1187;7;H118;26.31333333;0
Yr4;1188;8;H118;19.67666667;0
Yr4;1189;9;H118;22.68333333;0
Yr4;1201;1;H120;34.74;0
Yr4;1202;2;H120;33.66666667;0
Yr4;1203;3;H120;33.13;0
Yr4;1204;4;H120;50.17666667;0
Yr4;1205;5;H120;33.35;0
Yr4;1211;1;H121;21.98;1
Yr4;1212;2;H121;28.82666667;1
Yr4;1213;3;H121;51.21666667;0
Yr4;1214;4;H121;24.17666667;0
Yr4;1215;5;H121;18.74666667;0
Yr4;1216;6;H121;21.07333333;0
Yr4;1217;7;H121;21.84666667;0
Yr4;1218;8;H121;26.11;0
Yr4;1219;9;H121;32.89333333;0
Yr4;1231;1;H123;23.60666667;0
Yr4;1232;2;H123;28.57666667;0
Yr4;1233;3;H123;12.79333333;0
Yr4;1234;4;H123;21.4;0
Yr4;1235;5;H123;25.57333333;0
Yr4;1236;6;H123;13.64;0
Yr4;1237;7;H123;15.74;1
Yr4;1238;8;H123;18.56;0
Yr4;1239;9;H123;5.55;0
Yr4;1241;1;H124;28.64666667;0
Yr4;1242;2;H124;63.905;0
Yr4;1243;3;H124;48.89;0
Yr4;1244;4;H124;40.43666667;0
Yr4;1245;5;H124;40.36666667;0
Yr4;1246;6;H124;15.71;0
Yr4;1247;7;H124;14.97666667;0
Yr4;1248;8;H124;22.15;0
Yr4;1249;9;H124;23.05333333;0
Yr4;1256;6;H125;48.85;0
Yr4;1257;7;H125;35.575;0
Yr4;1258;8;H125;29.68333333;0
Yr4;1259;9;H125;28.23;0
Yr4;1266;6;H126;10.59333333;1
Yr4;1267;7;H126;25.95;0
Yr4;1268;8;H126;26.695;0
Yr4;1269;9;H126;11;0
Yr4;1271;1;H127;36.60333333;0
Yr4;1272;2;H127;30.925;0
Yr4;1273;3;H127;49.1;0
Yr4;1274;4;H127;37.41333333;0
Yr4;1275;5;H127;18.49333333;0
Yr4;1276;6;H127;28.73;0
Yr4;1277;7;H127;25.525;0
Yr4;1278;8;H127;22.30666667;0
Yr4;1279;9;H127;49.18333333;0
Yr4;1281;1;H128;21.905;0
Yr4;1282;2;H128;15.04333333;0
Yr4;1283;3;H128;10.66;0
Yr4;1284;4;H128;19.81;0
Yr4;1285;5;H128;25.34;0
Yr4;1291;1;H129;28.74333333;0
Yr4;1292;2;H129;29.46666667;0
Yr4;1293;3;H129;28.57666667;0
Yr4;1294;4;H129;47.13666667;0
Yr4;1295;5;H129;43.74666667;0
Yr4;1301;1;H130;35.89;1
Yr4;1302;2;H130;22.12;0
Yr4;1303;3;H130;33.06666667;0
Yr4;1304;4;H130;34.06666667;0
Yr4;1305;5;H130;21.34666667;0
Yr4;1306;6;H130;50.36666667;0
Yr4;1307;7;H130;13.75;0
Yr4;1308;8;H130;36.78666667;0
Yr4;1309;9;H130;30.53666667;0
Yr4;1311;1;H131;33.82666667;0
Yr4;1312;2;H131;23.00666667;0
Yr4;1313;3;H131;28.65666667;0
Yr4;1314;4;H131;18.1;0
Yr4;1315;5;H131;20.04666667;0
Yr4;1316;6;H131;31.34666667;0
Yr4;1317;7;H131;15.84;0
Yr4;1318;8;H131;28.05333333;0
Yr4;1319;9;H131;24.45666667;0
Yr4;1321;1;H132;30.88333333;0
Yr4;1322;2;H132;25.74666667;0
Yr4;1323;3;H132;29.86666667;0
Yr4;1324;4;H132;27.64;0
Yr4;1325;5;H132;36.14;0
Yr4;1326;6;H132;31.68333333;0
Yr4;1327;7;H132;29.94333333;0
Yr4;1328;8;H132;21.52;0
Yr4;1329;9;H132;21.845;0
Yr4;1331;1;H133;23.66;0
Yr4;1332;2;H133;17.865;0
Yr4;1333;3;H133;22.40666667;0
Yr4;1334;4;H133;24.8;0
Yr4;1335;5;H133;18.94333333;0
Yr4;1346;6;H134;24.54333333;0
Yr4;1347;7;H134;8.556666667;0
Yr4;1348;8;H134;18.35;0
Yr4;1349;9;H134;14.18;0
Yr4;1351;1;H135;29.60333333;0
Yr4;1352;2;H135;31.93666667;0
Yr4;1353;3;H135;37.98666667;0
Yr4;1354;4;H135;12.92333333;0
Yr4;1355;5;H135;22.5;0
Yr4;1356;6;H135;20.84666667;0
Yr4;1357;7;H135;21.49333333;0
Yr4;1358;8;H135;26.30333333;0
Yr4;1359;9;H135;24.22;0
Yr4;1361;1;H136;9.76;0
Yr4;1362;2;H136;17.69;0
Yr4;1363;3;H136;18.74333333;0
Yr4;1364;4;H136;21.09666667;0
Yr4;1365;5;H136;5.855;0
Yr4;1366;6;H136;25.76333333;0
Yr4;1367;7;H136;27.36666667;0
Yr4;1368;8;H136;28.87666667;0
Yr4;1369;9;H136;19.05333333;0
Yr4;1371;1;H137;38.55;0
Yr4;1372;2;H137;33.36666667;0
Yr4;1373;3;H137;23.55666667;0
Yr4;1374;4;H137;31.00666667;0
Yr4;1375;5;H137;25.64666667;0
Yr4;1376;6;H137;47.27;0
Yr4;1377;7;H137;10.18333333;0
Yr4;1378;8;H137;26.78;0
Yr4;1379;9;H137;18.93666667;0
Yr4;1381;1;H138;18.74666667;0
Yr4;1382;2;H138;35.87666667;1
Yr4;1383;3;H138;26.84666667;0
Yr4;1384;4;H138;19.61333333;1
Yr4;1385;5;H138;27.73666667;0
Yr4;1386;6;H138;16.95333333;0
Yr4;1387;7;H138;15.89333333;0
Yr4;1388;8;H138;20.25;0
Yr4;1389;9;H138;18.82;0
Yr4;1401;1;H140;48.27;0
Yr4;1402;2;H140;37.83666667;0
Yr4;1403;3;H140;21.68666667;0
Yr4;1404;4;H140;40.90333333;0
Yr4;1405;5;H140;53.36;0
Yr4;1436;6;H143;37.60333333;0
Yr4;1437;7;H143;22.62333333;0
Yr4;1438;8;H143;30.68333333;0
Yr4;1439;9;H143;26.83;0
Yr4;1446;6;H144;36.83333333;0
Yr4;1447;7;H144;24.01333333;0
Yr4;1448;8;H144;24.49333333;0
Yr4;1449;9;H144;28.81;0
Yr4;1491;1;H149;27.31666667;0
Yr4;1492;2;H149;21.83666667;0
Yr4;1493;3;H149;38.65;0
Yr4;1494;4;H149;45.635;0
Yr4;1495;5;H149;24.8;0
Yr4;1506;6;H150;17.79;1
Yr4;1507;7;H150;19.54666667;0
Yr4;1508;8;H150;26.53;0
Yr4;1509;9;H150;19.35666667;0
Yr4;1521;1;H152;23.71666667;0
Yr4;1522;2;H152;24.27;1
Yr4;1523;3;H152;37.55333333;0
Yr4;1524;4;H152;25.32666667;0
Yr4;1525;5;H152;49.24;0
Yr4;1526;6;H152;31.93666667;1
Yr4;1527;7;H152;13.99666667;0
Yr4;1528;8;H152;13.88666667;0
Yr4;1529;9;H152;15.97666667;0
Yr4;1571;1;H157;40.07666667;0
Yr4;1572;2;H157;24.87;0
Yr4;1573;3;H157;19.78666667;0
Yr4;1574;4;H157;35.02;0
Yr4;1575;5;H157;8.526666667;0
Yr4;1611;1;H161;28.51;0
Yr4;1612;2;H161;22.77;0
Yr4;1613;3;H161;48.69333333;1
Yr4;1614;4;H161;25.94333333;0
Yr4;1615;5;H161;33.81;0
Yr4;1626;6;H162;37.89666667;0
Yr4;1627;7;H162;27.47333333;0
Yr4;1628;8;H162;20.17666667;1
Yr4;1629;9;H162;21.95;0
Yr4;1636;6;H163;27.69;0
Yr4;1637;7;H163;28.015;0
Yr4;1638;8;H163;27.18333333;1
Yr4;1639;9;H163;26.92;0
Yr4;1651;1;H165;48.70333333;0
Yr4;1652;2;H165;30.24;0
Yr4;1653;3;H165;48.94333333;1
Yr4;1654;4;H165;55.32333333;0
Yr4;1655;5;H165;35.17666667;0
Yr4;1656;6;H165;24.28;0
Yr4;1657;7;H165;16.5;0
Yr4;1658;8;H165;35.91666667;0
Yr4;1659;9;H165;22.21333333;0
Yr4;1661;1;H166;33.19;0
Yr4;1662;2;H166;21.56;0
Yr4;1663;3;H166;27.69666667;0
Yr4;1664;4;H166;19.52;0
Yr4;1665;5;H166;45.775;0
Yr4;1666;6;H166;18.59;0
Yr4;1667;7;H166;22.13;0
Yr4;1668;8;H166;15.35;0
Yr4;1669;9;H166;13.06666667;0
Yr4;1671;1;H167;24.80666667;0
Yr4;1672;2;H167;23.63333333;0
Yr4;1673;3;H167;18.93666667;0
Yr4;1674;4;H167;27.09;0
Yr4;1675;5;H167;53.6;0
Yr4;1696;6;H169;38.25;0
Yr4;1697;7;H169;29.37333333;0
Yr4;1698;8;H169;20.63666667;1
Yr4;1699;9;H169;35.06333333;0
Yr4;11710;10;H117;20.01666667;0
Yr4;11810;10;H118;8.673333333;0
Yr4;12110;10;H121;5.12;1
Yr4;12310;10;H123;18.04;0
Yr4;12410;10;H124;13.55666667;0
Yr4;12510;10;H125;33.64333333;0
Yr4;12610;10;H126;11.63;0
Yr4;12710;10;H127;22.07;0
Yr4;13010;10;H130;23.23;0
Yr4;13110;10;H131;30.17333333;0
Yr4;13210;10;H132;37.57333333;0
Yr4;13410;10;H134;19.595;0
Yr4;13510;10;H135;18.65666667;0
Yr4;13610;10;H136;17.64666667;0
Yr4;13710;10;H137;18.36666667;0
Yr4;13810;10;H138;19.38666667;0
Yr4;14310;10;H143;25.99333333;0
Yr4;14410;10;H144;28.79;0
Yr4;15010;10;H150;24.96;0
Yr4;15210;10;H152;15.34666667;0
Yr4;16210;10;H162;24.11666667;0
Yr4;16310;10;H163;12.81;0
Yr4;16510;10;H165;29.82333333;0
Yr4;16610;10;H166;17.425;0
Yr4;16910;10;H169;34.95666667;0
Yr5;1171;1;H117;19.48;0
Yr5;1172;2;H117;18.59;0
Yr5;1173;3;H117;43.39666667;0
Yr5;1174;4;H117;39.90666667;0
Yr5;1175;5;H117;114.12;0
Yr5;1176;6;H117;34.985;0
Yr5;1177;7;H117;17.86333333;0
Yr5;1178;8;H117;35.96;0
Yr5;1179;9;H117;27.77;0
Yr5;1181;1;H118;27.51666667;0
Yr5;1182;2;H118;25.51666667;0
Yr5;1183;3;H118;46.89333333;0
Yr5;1184;4;H118;26.08666667;0
Yr5;1185;5;H118;30.59666667;0
Yr5;1186;6;H118;32.31;0
Yr5;1187;7;H118;47.72666667;0
Yr5;1188;8;H118;24.02666667;0
Yr5;1189;9;H118;28.17333333;0
Yr5;1201;1;H120;33.89333333;0
Yr5;1202;2;H120;52.28666667;0
Yr5;1203;3;H120;32.83666667;1
Yr5;1204;4;H120;34.15666667;0
Yr5;1205;5;H120;37.97666667;0
Yr5;1211;1;H121;35.00666667;0
Yr5;1212;2;H121;43.95333333;0
Yr5;1213;3;H121;55.13;0
Yr5;1214;4;H121;26.84666667;0
Yr5;1215;5;H121;36.83;0
Yr5;1216;6;H121;29.17666667;1
Yr5;1217;7;H121;27.22;0
Yr5;1218;8;H121;26.92333333;0
Yr5;1219;9;H121;34.33;0
Yr5;1231;1;H123;36.67333333;0
Yr5;1232;2;H123;21.11333333;0
Yr5;1233;3;H123;13.46666667;0
Yr5;1234;4;H123;21.57333333;0
Yr5;1235;5;H123;16.53;0
Yr5;1236;6;H123;10.02666667;0
Yr5;1237;7;H123;14.21333333;0
Yr5;1238;8;H123;17.72333333;0
Yr5;1239;9;H123;12.74;0
Yr5;1241;1;H124;30.50333333;0
Yr5;1242;2;H124;33.43;0
Yr5;1243;3;H124;33.33;0
Yr5;1244;4;H124;42.85333333;0
Yr5;1245;5;H124;44.99666667;0
Yr5;1246;6;H124;23.83666667;0
Yr5;1247;7;H124;24.71;0
Yr5;1248;8;H124;30.48666667;0
Yr5;1249;9;H124;24.82333333;0
Yr5;1256;6;H125;53.75;0
Yr5;1257;7;H125;60.87;0
Yr5;1258;8;H125;29.75666667;0
Yr5;1259;9;H125;24.64;0
Yr5;1266;6;H126;16.41;0
Yr5;1267;7;H126;24.15;1
Yr5;1268;8;H126;18.375;0
Yr5;1269;9;H126;20.95;0
Yr5;1271;1;H127;30.50666667;0
Yr5;1272;2;H127;23.725;0
Yr5;1273;3;H127;48.14;0
Yr5;1274;4;H127;51.61333333;0
Yr5;1275;5;H127;15.25333333;0
Yr5;1276;6;H127;41.50333333;0
Yr5;1277;7;H127;0;0
Yr5;1278;8;H127;46.25666667;0
Yr5;1279;9;H127;49.07333333;0
Yr5;1281;1;H128;24.185;0
Yr5;1282;2;H128;17.85333333;0
Yr5;1283;3;H128;11.00666667;0
Yr5;1284;4;H128;23.64666667;0
Yr5;1285;5;H128;17.24333333;0
Yr5;1291;1;H129;38.81333333;0
Yr5;1292;2;H129;40.89666667;0
Yr5;1293;3;H129;23.81333333;0
Yr5;1294;4;H129;44.72666667;0
Yr5;1295;5;H129;55.29;0
Yr5;1301;1;H130;44.86666667;0
Yr5;1302;2;H130;19.58333333;0
Yr5;1303;3;H130;40.78666667;0
Yr5;1304;4;H130;38.2;0
Yr5;1305;5;H130;14.11333333;0
Yr5;1306;6;H130;36.89;0
Yr5;1307;7;H130;12.9;0
Yr5;1308;8;H130;38.12666667;0
Yr5;1309;9;H130;36.13333333;0
Yr5;1311;1;H131;29.86333333;0
Yr5;1312;2;H131;25.37666667;0
Yr5;1313;3;H131;21.62333333;0
Yr5;1314;4;H131;32.36666667;1
Yr5;1315;5;H131;18.71;0
Yr5;1316;6;H131;34.13;0
Yr5;1317;7;H131;22.18666667;0
Yr5;1318;8;H131;30.41666667;0
Yr5;1319;9;H131;28.81333333;0
Yr5;1321;1;H132;22.76333333;0
Yr5;1322;2;H132;27.45333333;0
Yr5;1323;3;H132;15.02666667;0
Yr5;1324;4;H132;31.31;0
Yr5;1325;5;H132;32.79;0
Yr5;1326;6;H132;27.23666667;0
Yr5;1327;7;H132;31.35333333;0
Yr5;1328;8;H132;26.59666667;0
Yr5;1329;9;H132;12.81;0
Yr5;1331;1;H133;31.955;0
Yr5;1332;2;H133;22.55;0
Yr5;1333;3;H133;32.31666667;1
Yr5;1334;4;H133;24.45;0
Yr5;1335;5;H133;30.21333333;0
Yr5;1346;6;H134;27.39333333;0
Yr5;1347;7;H134;20.07;0
Yr5;1348;8;H134;20.85333333;0
Yr5;1349;9;H134;27.07333333;0
Yr5;1351;1;H135;30.69666667;0
Yr5;1352;2;H135;25.38666667;0
Yr5;1353;3;H135;35.41666667;0
Yr5;1354;4;H135;21.73666667;0
Yr5;1355;5;H135;17.34333333;0
Yr5;1356;6;H135;27.77;0
Yr5;1357;7;H135;27.02333333;0
Yr5;1358;8;H135;40.71666667;0
Yr5;1359;9;H135;31.83;0
Yr5;1361;1;H136;17.27;0
Yr5;1362;2;H136;3.166666667;0
Yr5;1363;3;H136;18.04;0
Yr5;1364;4;H136;29.23;0
Yr5;1365;5;H136;28.41;0
Yr5;1366;6;H136;22.3;0
Yr5;1367;7;H136;40.88666667;0
Yr5;1368;8;H136;27.47666667;0
Yr5;1369;9;H136;35.96666667;0
Yr5;1371;1;H137;43.42666667;0
Yr5;1372;2;H137;37.86666667;0
Yr5;1373;3;H137;25.38666667;0
Yr5;1374;4;H137;20;0
Yr5;1375;5;H137;25.71;0
Yr5;1376;6;H137;37.41333333;0
Yr5;1377;7;H137;20.83333333;0
Yr5;1378;8;H137;35.32;0
Yr5;1379;9;H137;29.51333333;0
Yr5;1381;1;H138;24.32;1
Yr5;1382;2;H138;31.27666667;0
Yr5;1383;3;H138;26.25333333;0
Yr5;1384;4;H138;24.12666667;0
Yr5;1385;5;H138;25.44;0
Yr5;1386;6;H138;19.35666667;0
Yr5;1387;7;H138;22.31666667;0
Yr5;1388;8;H138;35.76666667;0
Yr5;1389;9;H138;33.495;0
Yr5;1401;1;H140;45.14;0
Yr5;1402;2;H140;45.72666667;0
Yr5;1403;3;H140;29.67333333;0
Yr5;1404;4;H140;49.79333333;0
Yr5;1405;5;H140;49.46;0
Yr5;1436;6;H143;33.20666667;0
Yr5;1437;7;H143;28.53;0
Yr5;1438;8;H143;35.94333333;0
Yr5;1439;9;H143;28.20333333;0
Yr5;1446;6;H144;41.86333333;0
Yr5;1447;7;H144;24.49666667;1
Yr5;1448;8;H144;40.57333333;1
Yr5;1449;9;H144;36.36333333;0
Yr5;1491;1;H149;30.00666667;0
Yr5;1492;2;H149;28.45333333;0
Yr5;1493;3;H149;22.4;0
Yr5;1494;4;H149;32.76333333;0
Yr5;1495;5;H149;28.1;0
Yr5;1506;6;H150;27.94666667;0
Yr5;1507;7;H150;28;0
Yr5;1508;8;H150;30.14333333;0
Yr5;1509;9;H150;26.4;0
Yr5;1521;1;H152;27.56;0
Yr5;1522;2;H152;53.46;0
Yr5;1523;3;H152;31.44;0
Yr5;1524;4;H152;26.45333333;0
Yr5;1525;5;H152;30.89333333;0
Yr5;1526;6;H152;35.34;1
Yr5;1527;7;H152;14.19;0
Yr5;1528;8;H152;32.82666667;1
Yr5;1529;9;H152;21.19;0
Yr5;1571;1;H157;66.00333333;0
Yr5;1572;2;H157;8.785;0
Yr5;1573;3;H157;13.56666667;0
Yr5;1574;4;H157;42.81333333;0
Yr5;1575;5;H157;18.57333333;0
Yr5;1611;1;H161;12.775;0
Yr5;1612;2;H161;23.91;0
Yr5;1613;3;H161;49.16;1
Yr5;1614;4;H161;23.05;0
Yr5;1615;5;H161;30.4;0
Yr5;1626;6;H162;45.15333333;0
Yr5;1627;7;H162;59.72;0
Yr5;1628;8;H162;33.21;0
Yr5;1629;9;H162;35.74;0
Yr5;1636;6;H163;55.69;0
Yr5;1637;7;H163;15.715;1
Yr5;1638;8;H163;26.29333333;0
Yr5;1639;9;H163;36.6;0
Yr5;1651;1;H165;51.40666667;0
Yr5;1652;2;H165;37.59;1
Yr5;1653;3;H165;53.26;0
Yr5;1654;4;H165;42.99333333;0
Yr5;1655;5;H165;37.12666667;0
Yr5;1656;6;H165;30.69666667;0
Yr5;1657;7;H165;24.09666667;0
Yr5;1658;8;H165;34.37666667;0
Yr5;1659;9;H165;29.69333333;0
Yr5;1661;1;H166;32.32;0
Yr5;1662;2;H166;32.35;0
Yr5;1663;3;H166;30.89666667;0
Yr5;1664;4;H166;24.12;0
Yr5;1665;5;H166;52.945;0
Yr5;1666;6;H166;7.15;0
Yr5;1667;7;H166;26.46;0
Yr5;1668;8;H166;25.67;0
Yr5;1669;9;H166;38.26666667;0
Yr5;1671;1;H167;29.64;0
Yr5;1672;2;H167;41.11333333;0
Yr5;1673;3;H167;35.88;0
Yr5;1674;4;H167;39.39;0
Yr5;1675;5;H167;48.08666667;0
Yr5;1696;6;H169;46.06666667;1
Yr5;1697;7;H169;43.62666667;1
Yr5;1698;8;H169;25.20666667;0
Yr5;1699;9;H169;27.02666667;0
Yr5;11710;10;H117;25.58;0
Yr5;11810;10;H118;10.79333333;0
Yr5;12110;10;H121;18.5;1
Yr5;12310;10;H123;20.15333333;0
Yr5;12410;10;H124;25.29;0
Yr5;12510;10;H125;56.25;0
Yr5;12610;10;H126;20.68333333;0
Yr5;12710;10;H127;33.19666667;0
Yr5;13010;10;H130;33.22333333;0
Yr5;13110;10;H131;23.13666667;0
Yr5;13210;10;H132;36.51333333;0
Yr5;13410;10;H134;23.905;0
Yr5;13510;10;H135;32.48333333;0
Yr5;13610;10;H136;31.52333333;0
Yr5;13710;10;H137;31.13333333;0
Yr5;13810;10;H138;30.48;0
Yr5;14310;10;H143;34.6;0
Yr5;14410;10;H144;38.61;0
Yr5;15010;10;H150;24.96;0
Yr5;15210;10;H152;17.79666667;0
Yr5;16210;10;H162;40.13;0
Yr5;16310;10;H163;26.53;1
Yr5;16510;10;H165;19.82666667;0
Yr5;16610;10;H166;27.84;0
Yr5;16910;10;H169;38.59666667;0
Yr6;1171;1;H117;64.48333333;0
Yr6;1172;2;H117;40.98;0
Yr6;1173;3;H117;55.15;0
Yr6;1174;4;H117;17.27;0
Yr6;1175;5;H117;91.225;0
Yr6;1176;6;H117;51.395;0
Yr6;1177;7;H117;37.65666667;0
Yr6;1178;8;H117;50.06;0
Yr6;1179;9;H117;23.35;0
Yr6;1181;1;H118;36.17333333;0
Yr6;1182;2;H118;16.63;0
Yr6;1183;3;H118;40.01;0
Yr6;1184;4;H118;15.44;0
Yr6;1185;5;H118;38.14666667;0
Yr6;1186;6;H118;18.32333333;0
Yr6;1187;7;H118;29.30666667;0
Yr6;1188;8;H118;23.93;0
Yr6;1189;9;H118;11.35666667;0
Yr6;1201;1;H120;37.05333333;0
Yr6;1202;2;H120;37.32333333;0
Yr6;1203;3;H120;34.07333333;0
Yr6;1204;4;H120;47.51333333;0
Yr6;1205;5;H120;63.15666667;1
Yr6;1211;1;H121;26.81333333;0
Yr6;1212;2;H121;45.27666667;0
Yr6;1213;3;H121;36.03666667;0
Yr6;1214;4;H121;19.65666667;0
Yr6;1215;5;H121;22.35333333;0
Yr6;1216;6;H121;29.15666667;1
Yr6;1217;7;H121;5.993333333;0
Yr6;1218;8;H121;24.71333333;0
Yr6;1219;9;H121;25.74;0
Yr6;1231;1;H123;14.05333333;0
Yr6;1232;2;H123;15.78333333;0
Yr6;1233;3;H123;5.51;0
Yr6;1234;4;H123;19.01333333;0
Yr6;1235;5;H123;21.60666667;0
Yr6;1236;6;H123;21.545;0
Yr6;1237;7;H123;9.475;0
Yr6;1238;8;H123;20.39;0
Yr6;1239;9;H123;6.115;0
Yr6;1241;1;H124;24.10333333;0
Yr6;1242;2;H124;46.21;0
Yr6;1243;3;H124;50.29;0
Yr6;1244;4;H124;30.19;0
Yr6;1245;5;H124;32.87333333;0
Yr6;1246;6;H124;51.78666667;0
Yr6;1247;7;H124;39.60333333;0
Yr6;1248;8;H124;32.67666667;0
Yr6;1249;9;H124;29.07666667;0
Yr6;1256;6;H125;29.19666667;0
Yr6;1257;7;H125;43.04;0
Yr6;1258;8;H125;42.20333333;0
Yr6;1259;9;H125;29.00666667;0
Yr6;1266;6;H126;16.24;0
Yr6;1267;7;H126;21.33666667;1
Yr6;1268;8;H126;44.525;0
Yr6;1269;9;H126;16.15;0
Yr6;1271;1;H127;27.57333333;0
Yr6;1272;2;H127;17.115;0
Yr6;1273;3;H127;42.85333333;0
Yr6;1274;4;H127;23.97333333;0
Yr6;1275;5;H127;23.91333333;0
Yr6;1276;6;H127;34.29666667;0
Yr6;1277;7;H127;11.1;0
Yr6;1278;8;H127;32.25666667;0
Yr6;1279;9;H127;38.44;0
Yr6;1281;1;H128;18.145;0
Yr6;1282;2;H128;34.13666667;0
Yr6;1283;3;H128;31.88333333;0
Yr6;1284;4;H128;20.44666667;0
Yr6;1285;5;H128;7.14;0
Yr6;1291;1;H129;46.29333333;0
Yr6;1292;2;H129;38.24333333;0
Yr6;1293;3;H129;36.73;0
Yr6;1294;4;H129;40.44;0
Yr6;1295;5;H129;58.85;0
Yr6;1301;1;H130;44.01;0
Yr6;1302;2;H130;13.12;0
Yr6;1303;3;H130;45.04333333;0
Yr6;1304;4;H130;28.46666667;0
Yr6;1305;5;H130;26.29333333;0
Yr6;1306;6;H130;33.18333333;0
Yr6;1307;7;H130;24.71666667;0
Yr6;1308;8;H130;30.7;0
Yr6;1309;9;H130;25.71;0
Yr6;1311;1;H131;32.26;0
Yr6;1312;2;H131;35.45333333;0
Yr6;1313;3;H131;24.67;0
Yr6;1314;4;H131;35.66;1
Yr6;1315;5;H131;36.43333333;0
Yr6;1316;6;H131;25.74666667;0
Yr6;1317;7;H131;38.095;0
Yr6;1318;8;H131;39.42;0
Yr6;1319;9;H131;37.70333333;0
Yr6;1321;1;H132;36.95666667;0
Yr6;1322;2;H132;32.97;0
Yr6;1323;3;H132;18.73333333;0
Yr6;1324;4;H132;23.88;0
Yr6;1325;5;H132;6.64;0
Yr6;1326;6;H132;15.74666667;0
Yr6;1327;7;H132;12.54;0
Yr6;1328;8;H132;33.84333333;0
Yr6;1329;9;H132;21.295;0
Yr6;1331;1;H133;14.215;0
Yr6;1332;2;H133;10.13;0
Yr6;1333;3;H133;41.60333333;1
Yr6;1334;4;H133;7.5;0
Yr6;1335;5;H133;29.20666667;0
Yr6;1346;6;H134;20.78666667;0
Yr6;1347;7;H134;13.85;0
Yr6;1348;8;H134;14.39666667;0
Yr6;1349;9;H134;15.51;0
Yr6;1351;1;H135;20.95;0
Yr6;1352;2;H135;33.67666667;0
Yr6;1353;3;H135;34.04666667;0
Yr6;1354;4;H135;32.24666667;0
Yr6;1355;5;H135;28.11666667;0
Yr6;1356;6;H135;13.63333333;0
Yr6;1357;7;H135;42.7;0
Yr6;1358;8;H135;27.41;0
Yr6;1359;9;H135;24.76666667;0
Yr6;1361;1;H136;10.23;0
Yr6;1362;2;H136;13.96333333;0
Yr6;1363;3;H136;12.60333333;0
Yr6;1364;4;H136;12.47333333;0
Yr6;1365;5;H136;14.205;0
Yr6;1366;6;H136;35.60333333;0
Yr6;1367;7;H136;26.01666667;0
Yr6;1368;8;H136;26.01666667;0
Yr6;1369;9;H136;35.18333333;0
Yr6;1371;1;H137;36.8;0
Yr6;1372;2;H137;31.33333333;0
Yr6;1373;3;H137;30.64666667;0
Yr6;1374;4;H137;21.58;0
Yr6;1375;5;H137;15.26;0
Yr6;1376;6;H137;23.73333333;0
Yr6;1377;7;H137;11.85;0
Yr6;1378;8;H137;17.4;0
Yr6;1379;9;H137;7.863333333;0
Yr6;1381;1;H138;45.6;0
Yr6;1382;2;H138;24.97;0
Yr6;1383;3;H138;31.87666667;0
Yr6;1384;4;H138;40.22666667;0
Yr6;1385;5;H138;26.02;0
Yr6;1386;6;H138;24.95666667;1
Yr6;1387;7;H138;23.52666667;0
Yr6;1388;8;H138;37.49;0
Yr6;1389;9;H138;40.21666667;0
Yr6;1401;1;H140;57.145;0
Yr6;1402;2;H140;50.32333333;0
Yr6;1403;3;H140;52.16666667;0
Yr6;1404;4;H140;52.64666667;0
Yr6;1405;5;H140;33.84;0
Yr6;1436;6;H143;27.52333333;0
Yr6;1437;7;H143;35.45666667;0
Yr6;1438;8;H143;29.12666667;0
Yr6;1439;9;H143;25.71;0
Yr6;1446;6;H144;35.73333333;0
Yr6;1447;7;H144;39.30666667;0
Yr6;1448;8;H144;41.26666667;1
Yr6;1449;9;H144;18.07333333;1
Yr6;1491;1;H149;29;0
Yr6;1492;2;H149;17.91666667;0
Yr6;1493;3;H149;37.47333333;0
Yr6;1494;4;H149;30.39;0
Yr6;1495;5;H149;22.535;0
Yr6;1506;6;H150;19.03333333;0
Yr6;1507;7;H150;16.8;0
Yr6;1508;8;H150;18.71333333;0
Yr6;1509;9;H150;14.38333333;0
Yr6;1521;1;H152;29.40333333;0
Yr6;1522;2;H152;59.715;0
Yr6;1523;3;H152;37.32666667;0
Yr6;1524;4;H152;22.01666667;0
Yr6;1525;5;H152;21.19;1
Yr6;1526;6;H152;36.82333333;1
Yr6;1527;7;H152;20.56666667;0
Yr6;1528;8;H152;19;0
Yr6;1529;9;H152;21.27;0
Yr6;1571;1;H157;32.63;0
Yr6;1572;2;H157;28.905;0
Yr6;1573;3;H157;25.7;0
Yr6;1574;4;H157;16.97;0
Yr6;1575;5;H157;8.526666667;0
Yr6;1611;1;H161;29.69;1
Yr6;1612;2;H161;42.12;0
Yr6;1613;3;H161;47.39333333;1
Yr6;1614;4;H161;23.84;0
Yr6;1615;5;H161;47.54;0
Yr6;1626;6;H162;46.79;0
Yr6;1627;7;H162;27.86;0
Yr6;1628;8;H162;42.66666667;0
Yr6;1629;9;H162;29.80333333;0
Yr6;1636;6;H163;42.94;1
Yr6;1637;7;H163;16.935;1
Yr6;1638;8;H163;38.01;0
Yr6;1639;9;H163;24.465;0
Yr6;1651;1;H165;70.22;0
Yr6;1652;2;H165;50.65;1
Yr6;1653;3;H165;49.32666667;0
Yr6;1654;4;H165;61.18333333;0
Yr6;1655;5;H165;16.44333333;0
Yr6;1656;6;H165;55.12666667;0
Yr6;1657;7;H165;33.51333333;0
Yr6;1658;8;H165;38.08333333;0
Yr6;1659;9;H165;27.25666667;0
Yr6;1661;1;H166;50.22666667;0
Yr6;1662;2;H166;45.32;0
Yr6;1663;3;H166;27.40666667;0
Yr6;1664;4;H166;39.67;0
Yr6;1665;5;H166;15.725;0
Yr6;1666;6;H166;30.03;0
Yr6;1667;7;H166;8.74;0
Yr6;1668;8;H166;14.63;0
Yr6;1669;9;H166;15.46666667;0
Yr6;1671;1;H167;43.18333333;0
Yr6;1672;2;H167;46.05666667;0
Yr6;1673;3;H167;49.27;0
Yr6;1674;4;H167;55.04666667;0
Yr6;1675;5;H167;66.38;0
Yr6;1696;6;H169;31.35;0
Yr6;1697;7;H169;36.98666667;1
Yr6;1698;8;H169;31.61333333;0
Yr6;1699;9;H169;12.61666667;0
Yr6;11710;10;H117;22.11333333;0
Yr6;11810;10;H118;0.826666667;0
Yr6;12110;10;H121;7.045;0
Yr6;12310;10;H123;18.24333333;0
Yr6;12410;10;H124;10.01333333;0
Yr6;12510;10;H125;34.60666667;0
Yr6;12610;10;H126;12.60666667;0
Yr6;12710;10;H127;29.54666667;0
Yr6;13010;10;H130;15.37666667;0
Yr6;13110;10;H131;46.35333333;0
Yr6;13210;10;H132;15.38;0
Yr6;13410;10;H134;6.97;0
Yr6;13510;10;H135;17.14333333;0
Yr6;13610;10;H136;18.16333333;0
Yr6;13710;10;H137;21.34666667;0
Yr6;13810;10;H138;17.9;0
Yr6;14310;10;H143;26.24333333;0
Yr6;14410;10;H144;18.615;0
Yr6;15010;10;H150;20.28;1
Yr6;15210;10;H152;7.31;0
Yr6;16210;10;H162;19.09666667;0
Yr6;16310;10;H163;36.245;0
Yr6;16510;10;H165;26.38666667;0
Yr6;16610;10;H166;19.695;0
Yr6;16910;10;H169;50.93;0
Yr7;1171;1;H117;32.59666667;0
Yr7;1172;2;H117;35.555;0
Yr7;1173;3;H117;49.08333333;0
Yr7;1174;4;H117;50.21;1
Yr7;1175;5;H117;85.14;0
Yr7;1176;6;H117;38.6;0
Yr7;1177;7;H117;26.84;0
Yr7;1178;8;H117;26.21333333;0
Yr7;1179;9;H117;90.895;1
Yr7;1181;1;H118;44.76;0
Yr7;1182;2;H118;40.08;0
Yr7;1183;3;H118;59.37;0
Yr7;1184;4;H118;55.35;0
Yr7;1185;5;H118;55.41666667;0
Yr7;1186;6;H118;86.70666667;0
Yr7;1187;7;H118;50.25;0
Yr7;1188;8;H118;47.76;0
Yr7;1189;9;H118;25.61;0
Yr7;1201;1;H120;55.09666667;0
Yr7;1202;2;H120;54.23666667;1
Yr7;1203;3;H120;62.14333333;1
Yr7;1204;4;H120;49.43333333;0
Yr7;1205;5;H120;56.36666667;0
Yr7;1211;1;H121;44.82;0
Yr7;1212;2;H121;25.81;0
Yr7;1213;3;H121;77.51;0
Yr7;1214;4;H121;46.93333333;1
Yr7;1215;5;H121;67.08;0
Yr7;1216;6;H121;46.88;0
Yr7;1217;7;H121;44.32;1
Yr7;1218;8;H121;28.82333333;0
Yr7;1219;9;H121;57.76;0
Yr7;1231;1;H123;83.14333333;1
Yr7;1232;2;H123;61.85333333;0
Yr7;1233;3;H123;39.20666667;0
Yr7;1234;4;H123;50.47666667;0
Yr7;1235;5;H123;40.7;0
Yr7;1236;6;H123;55.33;0
Yr7;1237;7;H123;28.24333333;0
Yr7;1238;8;H123;18.39;0
Yr7;1239;9;H123;35.285;0
Yr7;1241;1;H124;62.76333333;0
Yr7;1242;2;H124;48.885;0
Yr7;1243;3;H124;61.57;0
Yr7;1244;4;H124;59.89666667;1
Yr7;1245;5;H124;62.04;0
Yr7;1246;6;H124;23.42333333;0
Yr7;1247;7;H124;48.86;0
Yr7;1248;8;H124;48.73333333;0
Yr7;1249;9;H124;43.01333333;0
Yr7;1256;6;H125;51.22333333;0
Yr7;1257;7;H125;67.91;0
Yr7;1258;8;H125;27.02666667;0
Yr7;1259;9;H125;46.28666667;0
Yr7;1266;6;H126;44.88333333;0
Yr7;1267;7;H126;27.38666667;0
Yr7;1268;8;H126;39.335;1
Yr7;1269;9;H126;38.85;0
Yr7;1271;1;H127;60.26333333;1
Yr7;1272;2;H127;25.05;0
Yr7;1273;3;H127;71.39333333;0
Yr7;1274;4;H127;48.7;0
Yr7;1275;5;H127;28.58666667;1
Yr7;1276;6;H127;46.95666667;0
Yr7;1277;7;H127;14.8;0
Yr7;1278;8;H127;46.34666667;0
Yr7;1279;9;H127;43.98;0
Yr7;1281;1;H128;57.14;0
Yr7;1282;2;H128;42.81666667;0
Yr7;1283;3;H128;39.5;0
Yr7;1284;4;H128;40.425;1
Yr7;1285;5;H128;29.13;0
Yr7;1291;1;H129;41.38;0
Yr7;1292;2;H129;72.46;0
Yr7;1293;3;H129;49.67666667;1
Yr7;1294;4;H129;55.99333333;0
Yr7;1295;5;H129;40.17;0
Yr7;1301;1;H130;59.91;0
Yr7;1302;2;H130;40.50666667;0
Yr7;1303;3;H130;67.76333333;0
Yr7;1304;4;H130;35;0
Yr7;1305;5;H130;47.92;0
Yr7;1306;6;H130;94.17333333;0
Yr7;1307;7;H130;9.99;0
Yr7;1308;8;H130;69.67666667;0
Yr7;1309;9;H130;60.92;0
Yr7;1311;1;H131;76.56333333;0
Yr7;1312;2;H131;45.91;0
Yr7;1313;3;H131;49.28666667;0
Yr7;1314;4;H131;47.76666667;0
Yr7;1315;5;H131;56.60666667;0
Yr7;1316;6;H131;55.04;0
Yr7;1317;7;H131;20.725;0
Yr7;1318;8;H131;65.84333333;0
Yr7;1319;9;H131;64.30666667;0
Yr7;1321;1;H132;45.77666667;0
Yr7;1322;2;H132;49.38;0
Yr7;1323;3;H132;42.63;0
Yr7;1324;4;H132;61.05;0
Yr7;1325;5;H132;53.345;1
Yr7;1326;6;H132;16.48333333;0
Yr7;1327;7;H132;47.51666667;0
Yr7;1328;8;H132;37.25666667;0
Yr7;1329;9;H132;42.245;0
Yr7;1331;1;H133;46.84;0
Yr7;1332;2;H133;33.465;0
Yr7;1333;3;H133;41.88333333;0
Yr7;1334;4;H133;45.5;0
Yr7;1335;5;H133;34.36333333;0
Yr7;1346;6;H134;32.31333333;0
Yr7;1347;7;H134;29.2;0
Yr7;1348;8;H134;21.79333333;0
Yr7;1349;9;H134;47.81333333;0
Yr7;1351;1;H135;39.53;0
Yr7;1352;2;H135;51.12;0
Yr7;1353;3;H135;45.68666667;0
Yr7;1354;4;H135;30.19666667;0
Yr7;1355;5;H135;47.41;0
Yr7;1356;6;H135;54.04;0
Yr7;1357;7;H135;31.89666667;0
Yr7;1358;8;H135;58.85666667;0
Yr7;1359;9;H135;35.23;0
Yr7;1361;1;H136;59.24;0
Yr7;1362;2;H136;50.65666667;0
Yr7;1363;3;H136;46.59666667;0
Yr7;1364;4;H136;37.37;0
Yr7;1365;5;H136;37.455;0
Yr7;1366;6;H136;55.26333333;0
Yr7;1367;7;H136;61.13333333;0
Yr7;1368;8;H136;63.30333333;0
Yr7;1369;9;H136;78.50333333;0
Yr7;1371;1;H137;38.49333333;0
Yr7;1372;2;H137;48.53333333;0
Yr7;1373;3;H137;36.9;0
Yr7;1374;4;H137;50.85;0
Yr7;1375;5;H137;50.06333333;0
Yr7;1376;6;H137;57.72333333;0
Yr7;1377;7;H137;24.25;0
Yr7;1378;8;H137;23.965;0
Yr7;1379;9;H137;31.35333333;0
Yr7;1381;1;H138;63.84;0
Yr7;1382;2;H138;29.67666667;0
Yr7;1383;3;H138;56.53666667;0
Yr7;1384;4;H138;49.71666667;1
Yr7;1385;5;H138;47.94666667;0
Yr7;1386;6;H138;31.63666667;0
Yr7;1387;7;H138;61.86333333;0
Yr7;1388;8;H138;39.20666667;0
Yr7;1389;9;H138;47.65;0
Yr7;1401;1;H140;41.905;0
Yr7;1402;2;H140;55.95;0
Yr7;1403;3;H140;34.47;0
Yr7;1404;4;H140;50.72333333;0
Yr7;1405;5;H140;58.57;0
Yr7;1436;6;H143;56.65;0
Yr7;1437;7;H143;53.04333333;0
Yr7;1438;8;H143;60.63666667;0
Yr7;1439;9;H143;56.73666667;0
Yr7;1446;6;H144;62.28666667;0
Yr7;1447;7;H144;54.00666667;1
Yr7;1448;8;H144;47.04666667;0
Yr7;1449;9;H144;38.49;0
Yr7;1491;1;H149;45.58;0
Yr7;1492;2;H149;44.395;0
Yr7;1493;3;H149;40.54666667;0
Yr7;1494;4;H149;42.195;0
Yr7;1495;5;H149;48.23;0
Yr7;1506;6;H150;14.68666667;0
Yr7;1507;7;H150;44.8;1
Yr7;1508;8;H150;32.58666667;0
Yr7;1509;9;H150;23.68333333;0
Yr7;1521;1;H152;43.35333333;0
Yr7;1522;2;H152;50.35;0
Yr7;1523;3;H152;42.24333333;0
Yr7;1524;4;H152;33.43;0
Yr7;1525;5;H152;35.19;0
Yr7;1526;6;H152;36.37;1
Yr7;1527;7;H152;26.92;0
Yr7;1528;8;H152;25.91666667;0
Yr7;1529;9;H152;29.15333333;0
Yr7;1571;1;H157;78.86333333;0
Yr7;1572;2;H157;86.14;0
Yr7;1573;3;H157;57.57;0
Yr7;1574;4;H157;86.05666667;0
Yr7;1575;5;H157;41.38666667;0
Yr7;1611;1;H161;18.075;1
Yr7;1612;2;H161;48.95;0
Yr7;1613;3;H161;63.99666667;0
Yr7;1614;4;H161;27.80333333;1
Yr7;1615;5;H161;55.06;0
Yr7;1626;6;H162;49.47333333;0
Yr7;1627;7;H162;74.25;0
Yr7;1628;8;H162;46.11666667;0
Yr7;1629;9;H162;47.00333333;0
Yr7;1636;6;H163;37.5;0
Yr7;1637;7;H163;56.755;1
Yr7;1638;8;H163;43.79666667;1
Yr7;1639;9;H163;41.85;0
Yr7;1651;1;H165;60.47333333;0
Yr7;1652;2;H165;47.26666667;0
Yr7;1653;3;H165;73.78;0
Yr7;1654;4;H165;69.22;0
Yr7;1655;5;H165;35.91666667;0
Yr7;1656;6;H165;32.48;0
Yr7;1657;7;H165;35.44666667;0
Yr7;1658;8;H165;40.92;0
Yr7;1659;9;H165;29.20666667;0
Yr7;1661;1;H166;45.21;0
Yr7;1662;2;H166;33.84;0
Yr7;1663;3;H166;45.65666667;0
Yr7;1664;4;H166;36.925;0
Yr7;1665;5;H166;34.44;1
Yr7;1666;6;H166;21.45;0
Yr7;1667;7;H166;19.945;0
Yr7;1668;8;H166;26.25;0
Yr7;1669;9;H166;37.2;0
Yr7;1671;1;H167;43.87;0
Yr7;1672;2;H167;39.49333333;0
Yr7;1673;3;H167;35.87;0
Yr7;1674;4;H167;54.16333333;0
Yr7;1675;5;H167;35.90666667;1
Yr7;1696;6;H169;65.09666667;0
Yr7;1697;7;H169;42.29;0
Yr7;1698;8;H169;40.83666667;0
Yr7;1699;9;H169;66.25;1
Yr7;11710;10;H117;58.07;0
Yr7;11810;10;H118;31.34;0
Yr7;12110;10;H121;43.34;0
Yr7;12310;10;H123;39.83666667;0
Yr7;12410;10;H124;42.17333333;0
Yr7;12510;10;H125;48.61;0
Yr7;12610;10;H126;37.9;0
Yr7;12710;10;H127;41.73;0
Yr7;13010;10;H130;46.46666667;0
Yr7;13110;10;H131;55.15333333;0
Yr7;13210;10;H132;47.41;0
Yr7;13410;10;H134;23.83;0
Yr7;13510;10;H135;70.43;0
Yr7;13610;10;H136;37.6;0
Yr7;13710;10;H137;29.29333333;0
Yr7;13810;10;H138;55.13;0
Yr7;14310;10;H143;30.66333333;0
Yr7;14410;10;H144;36.33;0
Yr7;15010;10;H150;44.00666667;0
Yr7;15210;10;H152;23.93;1
Yr7;16210;10;H162;62.74333333;0
Yr7;16310;10;H163;51.735;0
Yr7;16510;10;H165;38.81;0
Yr7;16610;10;H166;37.665;0
Yr7;16910;10;H169;55.83;0
Yr8;1171;1;H117;38.05;0
Yr8;1172;2;H117;47.915;0
Yr8;1173;3;H117;29.64;0
Yr8;1174;4;H117;24.83333333;1
Yr8;1175;5;H117;64.14;0
Yr8;1176;6;H117;35.955;0
Yr8;1177;7;H117;23.74666667;0
Yr8;1178;8;H117;24.27666667;0
Yr8;1179;9;H117;31.385;0
Yr8;1181;1;H118;32.39666667;0
Yr8;1182;2;H118;27.535;0
Yr8;1183;3;H118;50.07333333;0
Yr8;1184;4;H118;19.62;0
Yr8;1185;5;H118;50.34666667;0
Yr8;1186;6;H118;4.556666667;0
Yr8;1187;7;H118;34.92;0
Yr8;1188;8;H118;20.63;0
Yr8;1189;9;H118;16.36;0
Yr8;1201;1;H120;32.68;1
Yr8;1202;2;H120;28.42666667;1
Yr8;1203;3;H120;44.22;1
Yr8;1204;4;H120;34.00666667;0
Yr8;1205;5;H120;50.77333333;1
Yr8;1211;1;H121;48.99333333;1
Yr8;1212;2;H121;22.39666667;0
Yr8;1213;3;H121;62.27;1
Yr8;1214;4;H121;26.43333333;1
Yr8;1215;5;H121;11.38;0
Yr8;1216;6;H121;33.44333333;0
Yr8;1217;7;H121;32.62333333;1
Yr8;1218;8;H121;28.08;1
Yr8;1219;9;H121;43.51666667;0
Yr8;1231;1;H123;14.74666667;1
Yr8;1232;2;H123;9.136666667;1
Yr8;1233;3;H123;4.773333333;1
Yr8;1234;4;H123;20.85333333;1
Yr8;1235;5;H123;21.46;0
Yr8;1236;6;H123;29.595;0
Yr8;1237;7;H123;8.006666667;0
Yr8;1238;8;H123;5.56;0
Yr8;1239;9;H123;8.73;0
Yr8;1241;1;H124;47.15333333;0
Yr8;1242;2;H124;45.275;0
Yr8;1243;3;H124;34.53;0
Yr8;1244;4;H124;26.02;0
Yr8;1245;5;H124;33.57666667;0
Yr8;1246;6;H124;22.93;0
Yr8;1247;7;H124;28.78666667;0
Yr8;1248;8;H124;13.75666667;0
Yr8;1249;9;H124;27.45;0
Yr8;1256;6;H125;47.46666667;0
Yr8;1257;7;H125;54.745;0
Yr8;1258;8;H125;29.76666667;0
Yr8;1259;9;H125;35.53;0
Yr8;1266;6;H126;19.84666667;0
Yr8;1267;7;H126;10.38;1
Yr8;1268;8;H126;18.305;0
Yr8;1269;9;H126;16;0
Yr8;1271;1;H127;47.66666667;1
Yr8;1272;2;H127;21.595;0
Yr8;1273;3;H127;54.65;1
Yr8;1274;4;H127;42.84333333;0
Yr8;1275;5;H127;16.32666667;0
Yr8;1276;6;H127;32.46333333;0
Yr8;1277;7;H127;14.8;0
Yr8;1278;8;H127;21.63333333;0
Yr8;1279;9;H127;27.32333333;0
Yr8;1281;1;H128;25.18;1
Yr8;1282;2;H128;24.95;0
Yr8;1283;3;H128;15.93666667;0
Yr8;1284;4;H128;26.985;1
Yr8;1285;5;H128;25.48666667;0
Yr8;1291;1;H129;37.92333333;0
Yr8;1292;2;H129;23.8;0
Yr8;1293;3;H129;51.38;1
Yr8;1294;4;H129;65.95;0
Yr8;1295;5;H129;59.35333333;1
Yr8;1301;1;H130;38.75333333;1
Yr8;1302;2;H130;34.22;0
Yr8;1303;3;H130;28.79333333;0
Yr8;1304;4;H130;27;1
Yr8;1305;5;H130;15.94333333;0
Yr8;1306;6;H130;38.98333333;0
Yr8;1307;7;H130;14.73666667;0
Yr8;1308;8;H130;35.08666667;0
Yr8;1309;9;H130;27.29333333;0
Yr8;1311;1;H131;30.74666667;1
Yr8;1312;2;H131;20.40666667;0
Yr8;1313;3;H131;25.38666667;0
Yr8;1314;4;H131;40.71666667;0
Yr8;1315;5;H131;36.15666667;0
Yr8;1316;6;H131;22.96666667;0
Yr8;1317;7;H131;22.66333333;0
Yr8;1318;8;H131;29.45666667;0
Yr8;1319;9;H131;18.07333333;0
Yr8;1321;1;H132;29.08333333;0
Yr8;1322;2;H132;24.93666667;0
Yr8;1323;3;H132;13.87333333;0
Yr8;1324;4;H132;23.265;1
Yr8;1325;5;H132;17.43;0
Yr8;1326;6;H132;31.04333333;0
Yr8;1327;7;H132;27.04666667;0
Yr8;1328;8;H132;34.40666667;0
Yr8;1329;9;H132;20.435;0
Yr8;1331;1;H133;20.345;0
Yr8;1332;2;H133;34.96;0
Yr8;1333;3;H133;35.57333333;0
Yr8;1334;4;H133;37.7;0
Yr8;1335;5;H133;40.9;0
Yr8;1346;6;H134;33.41333333;0
Yr8;1347;7;H134;24.93666667;1
Yr8;1348;8;H134;20.91;0
Yr8;1349;9;H134;34.49;0
Yr8;1351;1;H135;22.95666667;1
Yr8;1352;2;H135;49.56;0
Yr8;1353;3;H135;17.77;0
Yr8;1354;4;H135;19.35666667;0
Yr8;1355;5;H135;34.92;0
Yr8;1356;6;H135;10.45333333;0
Yr8;1357;7;H135;21.78333333;0
Yr8;1358;8;H135;28.49333333;0
Yr8;1359;9;H135;19.70333333;0
Yr8;1361;1;H136;14.35666667;0
Yr8;1362;2;H136;7.22;0
Yr8;1363;3;H136;10.4;0
Yr8;1364;4;H136;14.74333333;0
Yr8;1365;5;H136;21.67;0
Yr8;1366;6;H136;20.31333333;0
Yr8;1367;7;H136;37.49666667;0
Yr8;1368;8;H136;13.52;1
Yr8;1369;9;H136;22.65666667;0
Yr8;1371;1;H137;36.84;0
Yr8;1372;2;H137;35.9;0
Yr8;1373;3;H137;35.30333333;0
Yr8;1374;4;H137;22.59;0
Yr8;1375;5;H137;21.54;0
Yr8;1376;6;H137;53.19666667;0
Yr8;1377;7;H137;14.93333333;0
Yr8;1378;8;H137;33.285;0
Yr8;1379;9;H137;11.01666667;0
Yr8;1381;1;H138;47.12;0
Yr8;1382;2;H138;36.82333333;1
Yr8;1383;3;H138;59.55;1
Yr8;1384;4;H138;39.23333333;1
Yr8;1385;5;H138;35.23;1
Yr8;1386;6;H138;41.65;1
Yr8;1387;7;H138;52.69333333;1
Yr8;1388;8;H138;33.37666667;0
Yr8;1389;9;H138;29.3;0
Yr8;1401;1;H140;68.105;0
Yr8;1402;2;H140;66.87;0
Yr8;1403;3;H140;32.99666667;1
Yr8;1404;4;H140;52.71666667;0
Yr8;1405;5;H140;58.57;0
Yr8;1436;6;H143;49.4;0
Yr8;1437;7;H143;38.73666667;0
Yr8;1438;8;H143;45.06;0
Yr8;1439;9;H143;47.54333333;0
Yr8;1446;6;H144;44.79333333;0
Yr8;1447;7;H144;55.14333333;1
Yr8;1448;8;H144;43.76;0
Yr8;1449;9;H144;39.25666667;0
Yr8;1491;1;H149;30.38666667;1
Yr8;1492;2;H149;39.905;0
Yr8;1493;3;H149;33.79333333;0
Yr8;1494;4;H149;56.735;0
Yr8;1495;5;H149;43.71;0
Yr8;1506;6;H150;16.04666667;1
Yr8;1507;7;H150;28;0
Yr8;1508;8;H150;24.40333333;1
Yr8;1509;9;H150;11.41333333;0
Yr8;1521;1;H152;27.48333333;1
Yr8;1522;2;H152;66.53;1
Yr8;1523;3;H152;40.90666667;0
Yr8;1524;4;H152;25.33666667;0
Yr8;1525;5;H152;22.04333333;0
Yr8;1526;6;H152;39.89;1
Yr8;1527;7;H152;7.266666667;0
Yr8;1528;8;H152;30.47333333;0
Yr8;1529;9;H152;27.74;0
Yr8;1571;1;H157;53.96666667;1
Yr8;1572;2;H157;25.3;0
Yr8;1573;3;H157;22.20333333;0
Yr8;1574;4;H157;38.54666667;0
Yr8;1575;5;H157;33.28666667;0
Yr8;1611;1;H161;24.1;1
Yr8;1612;2;H161;48.95;1
Yr8;1613;3;H161;52.23;1
Yr8;1614;4;H161;8.996666667;1
Yr8;1615;5;H161;38.05;1
Yr8;1626;6;H162;74.29333333;0
Yr8;1627;7;H162;38.35;1
Yr8;1628;8;H162;40.56;1
Yr8;1629;9;H162;41.03666667;0
Yr8;1636;6;H163;36.065;0
Yr8;1637;7;H163;25.365;1
Yr8;1638;8;H163;30.31333333;1
Yr8;1639;9;H163;32.205;0
Yr8;1651;1;H165;53.415;0
Yr8;1652;2;H165;38.98666667;0
Yr8;1653;3;H165;51.51;0
Yr8;1654;4;H165;42.63;0
Yr8;1655;5;H165;17.44;0
Yr8;1656;6;H165;41.48666667;0
Yr8;1657;7;H165;31.65666667;0
Yr8;1658;8;H165;36.55;0
Yr8;1659;9;H165;28.99666667;0
Yr8;1661;1;H166;4.965;0
Yr8;1662;2;H166;63.45;0
Yr8;1663;3;H166;35.62;0
Yr8;1664;4;H166;18.665;0
Yr8;1665;5;H166;29.16;1
Yr8;1666;6;H166;58.63;0
Yr8;1667;7;H166;21.1;0
Yr8;1668;8;H166;11.55;0
Yr8;1669;9;H166;29.33333333;0
Yr8;1671;1;H167;32.06333333;0
Yr8;1672;2;H167;33.665;0
Yr8;1673;3;H167;33.13333333;0
Yr8;1674;4;H167;33.12333333;0
Yr8;1675;5;H167;21.70666667;0
Yr8;1696;6;H169;48.80333333;1
Yr8;1697;7;H169;52.10333333;0
Yr8;1698;8;H169;26.54333333;1
Yr8;1699;9;H169;30.59333333;1
Yr8;11710;10;H117;30.875;0
Yr8;11810;10;H118;3.706666667;0
Yr8;12110;10;H121;3.74;0
Yr8;12310;10;H123;13.73333333;0
Yr8;12410;10;H124;17.38666667;0
Yr8;12510;10;H125;38.10666667;0
Yr8;12610;10;H126;20.86333333;1
Yr8;12710;10;H127;19.71333333;0
Yr8;13010;10;H130;21.15333333;0
Yr8;13110;10;H131;30.71;0
Yr8;13210;10;H132;17.41666667;0
Yr8;13410;10;H134;13.29;0
Yr8;13510;10;H135;19.47666667;0
Yr8;13610;10;H136;13.43333333;0
Yr8;13710;10;H137;16.23333333;0
Yr8;13810;10;H138;30.86;0
Yr8;14310;10;H143;42.24666667;0
Yr8;14410;10;H144;31.03;0
Yr8;15010;10;H150;17.84;0
Yr8;15210;10;H152;17.19;1
Yr8;16210;10;H162;48.57666667;0
Yr8;16310;10;H163;18.54;0
Yr8;16510;10;H165;21.39;0
Yr8;16610;10;H166;28.515;0
Yr8;16910;10;H169;47.95333333;1
Yr9;1171;1;H117;25.14666667;0
Yr9;1172;2;H117;17.02;0
Yr9;1173;3;H117;22.21666667;0
Yr9;1174;4;H117;32.09666667;1
Yr9;1175;5;H117;83.86;0
Yr9;1176;6;H117;54.86;0
Yr9;1177;7;H117;39.39;0
Yr9;1178;8;H117;22.80333333;1
Yr9;1179;9;H117;37.495;1
Yr9;1181;1;H118;41.35;0
Yr9;1182;2;H118;28.275;1
Yr9;1183;3;H118;31.51666667;0
Yr9;1184;4;H118;29.23333333;0
Yr9;1185;5;H118;31.93;0
Yr9;1186;6;H118;56.80666667;0
Yr9;1187;7;H118;24.23666667;0
Yr9;1188;8;H118;29.02666667;0
Yr9;1189;9;H118;45.01333333;0
Yr9;1201;1;H120;22.37333333;0
Yr9;1202;2;H120;45.77;0
Yr9;1203;3;H120;41.08;1
Yr9;1204;4;H120;30.03333333;0
Yr9;1205;5;H120;30.74333333;0
Yr9;1211;1;H121;30.91;1
Yr9;1212;2;H121;34.30666667;0
Yr9;1213;3;H121;32.43;1
Yr9;1214;4;H121;26.94333333;1
Yr9;1215;5;H121;39.89333333;0
Yr9;1216;6;H121;35.14;0
Yr9;1217;7;H121;31.65333333;0
Yr9;1218;8;H121;27.66666667;0
Yr9;1219;9;H121;41.18333333;0
Yr9;1231;1;H123;37.44333333;0
Yr9;1232;2;H123;23.55333333;0
Yr9;1233;3;H123;21.11666667;0
Yr9;1234;4;H123;33.13;0
Yr9;1235;5;H123;9.133333333;0
Yr9;1236;6;H123;23.09;0
Yr9;1237;7;H123;26.66666667;0
Yr9;1238;8;H123;16.21;0
Yr9;1239;9;H123;28.14;0
Yr9;1241;1;H124;24.22;0
Yr9;1242;2;H124;34.66;0
Yr9;1243;3;H124;19.93;0
Yr9;1244;4;H124;29.14;0
Yr9;1245;5;H124;44.20666667;0
Yr9;1246;6;H124;21.38333333;0
Yr9;1247;7;H124;39.35333333;0
Yr9;1248;8;H124;27.635;0
Yr9;1249;9;H124;18.97333333;0
Yr9;1256;6;H125;53.09;0
Yr9;1257;7;H125;88.835;0
Yr9;1258;8;H125;44.34666667;1
Yr9;1259;9;H125;26.99666667;0
Yr9;1266;6;H126;38.63666667;1
Yr9;1267;7;H126;17.86666667;1
Yr9;1268;8;H126;17.275;0
Yr9;1269;9;H126;36.65;1
Yr9;1271;1;H127;56.01333333;0
Yr9;1272;2;H127;15.13;0
Yr9;1273;3;H127;53.55;0
Yr9;1274;4;H127;38.67;0
Yr9;1275;5;H127;11.50666667;0
Yr9;1276;6;H127;54.48;0
Yr9;1277;7;H127;NA;NA
Yr9;1278;8;H127;46.43666667;0
Yr9;1279;9;H127;56.46;0
Yr9;1281;1;H128;23.43;0
Yr9;1282;2;H128;28.48666667;0
Yr9;1283;3;H128;19.78333333;0
Yr9;1284;4;H128;28.2;0
Yr9;1285;5;H128;26.07666667;0
Yr9;1291;1;H129;28.32666667;0
Yr9;1292;2;H129;41.3;0
Yr9;1293;3;H129;13.34333333;0
Yr9;1294;4;H129;56.07;0
Yr9;1295;5;H129;29.54333333;0
Yr9;1301;1;H130;14.03666667;1
Yr9;1302;2;H130;16.75333333;0
Yr9;1303;3;H130;38.39666667;0
Yr9;1304;4;H130;28.4;0
Yr9;1305;5;H130;32.74333333;0
Yr9;1306;6;H130;44.75333333;1
Yr9;1307;7;H130;25.40666667;0
Yr9;1308;8;H130;34.63333333;0
Yr9;1309;9;H130;49.39333333;0
Yr9;1311;1;H131;24.82666667;1
Yr9;1312;2;H131;16.94666667;0
Yr9;1313;3;H131;21.74;0
Yr9;1314;4;H131;34.26;0
Yr9;1315;5;H131;46.99666667;0
Yr9;1316;6;H131;34.1;0
Yr9;1317;7;H131;19.98666667;0
Yr9;1318;8;H131;36.75333333;0
Yr9;1319;9;H131;22.57;0
Yr9;1321;1;H132;34.04333333;0
Yr9;1322;2;H132;29.61333333;0
Yr9;1323;3;H132;18.79333333;0
Yr9;1324;4;H132;37.34;0
Yr9;1325;5;H132;40.87;0
Yr9;1326;6;H132;29.26666667;0
Yr9;1327;7;H132;44.76333333;0
Yr9;1328;8;H132;34.53;0
Yr9;1329;9;H132;34.54;0
Yr9;1331;1;H133;36.515;0
Yr9;1332;2;H133;19.47;0
Yr9;1333;3;H133;18.32333333;0
Yr9;1334;4;H133;29.45;0
Yr9;1335;5;H133;25.34666667;0
Yr9;1346;6;H134;35.81;0
Yr9;1347;7;H134;43.69;0
Yr9;1348;8;H134;26.40666667;0
Yr9;1349;9;H134;55.89;0
Yr9;1351;1;H135;15.18;0
Yr9;1352;2;H135;41.42333333;0
Yr9;1353;3;H135;16.01333333;0
Yr9;1354;4;H135;13.75;0
Yr9;1355;5;H135;23.33;0
Yr9;1356;6;H135;17.49;0
Yr9;1357;7;H135;39.79333333;0
Yr9;1358;8;H135;38.98666667;0
Yr9;1359;9;H135;44.34333333;0
Yr9;1361;1;H136;38.25;0
Yr9;1362;2;H136;20.86;0
Yr9;1363;3;H136;21.57333333;0
Yr9;1364;4;H136;18.80666667;0
Yr9;1365;5;H136;31.775;0
Yr9;1366;6;H136;37.91333333;1
Yr9;1367;7;H136;41.94666667;0
Yr9;1368;8;H136;47.24333333;1
Yr9;1369;9;H136;27.55666667;0
Yr9;1371;1;H137;30.6;0
Yr9;1372;2;H137;26.49;0
Yr9;1373;3;H137;23.70666667;0
Yr9;1374;4;H137;41.24333333;0
Yr9;1375;5;H137;47.86666667;0
Yr9;1376;6;H137;55.16666667;0
Yr9;1377;7;H137;23.46666667;0
Yr9;1378;8;H137;35.265;0
Yr9;1379;9;H137;23.66666667;0
Yr9;1381;1;H138;46.10666667;0
Yr9;1382;2;H138;21.02333333;1
Yr9;1383;3;H138;41.45;0
Yr9;1384;4;H138;22.59333333;0
Yr9;1385;5;H138;22.03;0
Yr9;1386;6;H138;33.84;1
Yr9;1387;7;H138;25.85666667;1
Yr9;1388;8;H138;33.19;0
Yr9;1389;9;H138;29.675;0
Yr9;1401;1;H140;30.045;0
Yr9;1402;2;H140;38.78;0
Yr9;1403;3;H140;25.40666667;1
Yr9;1404;4;H140;40.25666667;0
Yr9;1405;5;H140;33.84;0
Yr9;1436;6;H143;46.76;0
Yr9;1437;7;H143;37.47;0
Yr9;1438;8;H143;36.42333333;0
Yr9;1439;9;H143;29.18333333;0
Yr9;1446;6;H144;43.35;0
Yr9;1447;7;H144;25.69666667;1
Yr9;1448;8;H144;40.69;0
Yr9;1449;9;H144;42.89333333;0
Yr9;1491;1;H149;31.60666667;0
Yr9;1492;2;H149;33.4;0
Yr9;1493;3;H149;28.43;0
Yr9;1494;4;H149;35.715;0
Yr9;1495;5;H149;56.15;0
Yr9;1506;6;H150;31.75;1
Yr9;1507;7;H150;49;0
Yr9;1508;8;H150;28.17333333;0
Yr9;1509;9;H150;30.30666667;1
Yr9;1521;1;H152;50.40333333;0
Yr9;1522;2;H152;39.06;0
Yr9;1523;3;H152;32.84666667;0
Yr9;1524;4;H152;19.96;0
Yr9;1525;5;H152;21.75333333;0
Yr9;1526;6;H152;40.11333333;1
Yr9;1527;7;H152;23;0
Yr9;1528;8;H152;55.69666667;0
Yr9;1529;9;H152;30.31;1
Yr9;1571;1;H157;59.00333333;0
Yr9;1572;2;H157;37.325;0
Yr9;1573;3;H157;26.27333333;0
Yr9;1574;4;H157;34.38333333;0
Yr9;1575;5;H157;37.24666667;0
Yr9;1611;1;H161;25.55;0
Yr9;1612;2;H161;43.26;0
Yr9;1613;3;H161;63.7;0
Yr9;1614;4;H161;25.13333333;1
Yr9;1615;5;H161;48.37;1
Yr9;1626;6;H162;46.08333333;1
Yr9;1627;7;H162;32.92;1
Yr9;1628;8;H162;48.58;1
Yr9;1629;9;H162;45.18333333;1
Yr9;1636;6;H163;49.565;0
Yr9;1637;7;H163;32.67;1
Yr9;1638;8;H163;32.89333333;0
Yr9;1639;9;H163;35.605;0
Yr9;1651;1;H165;50.62;0
Yr9;1652;2;H165;43.00333333;0
Yr9;1653;3;H165;41.10666667;0
Yr9;1654;4;H165;59.44333333;0
Yr9;1655;5;H165;22.10666667;0
Yr9;1656;6;H165;51.52;0
Yr9;1657;7;H165;31.73333333;0
Yr9;1658;8;H165;54.56666667;0
Yr9;1659;9;H165;26.88333333;0
Yr9;1661;1;H166;14.855;0
Yr9;1662;2;H166;21.22;0
Yr9;1663;3;H166;26.41333333;0
Yr9;1664;4;H166;13.545;0
Yr9;1665;5;H166;42.05;0
Yr9;1666;6;H166;47.19;0
Yr9;1667;7;H166;29.205;1
Yr9;1668;8;H166;NA;NA
Yr9;1669;9;H166;45.9;0
Yr9;1671;1;H167;25.89;0
Yr9;1672;2;H167;27.50666667;0
Yr9;1673;3;H167;20.50333333;0
Yr9;1674;4;H167;32.02333333;0
Yr9;1675;5;H167;25.22333333;0
Yr9;1696;6;H169;52.26;0
Yr9;1697;7;H169;39.99;0
Yr9;1698;8;H169;25.25;1
Yr9;1699;9;H169;28.17666667;1
Yr9;11710;10;H117;68.445;0
Yr9;11810;10;H118;11.16;0
Yr9;12110;10;H121;17.29;0
Yr9;12310;10;H123;43.58666667;0
Yr9;12410;10;H124;22.09333333;0
Yr9;12510;10;H125;54.97666667;0
Yr9;12610;10;H126;47.04;0
Yr9;12710;10;H127;36.67666667;0
Yr9;13010;10;H130;66.35;1
Yr9;13110;10;H131;27.46333333;0
Yr9;13210;10;H132;34.93666667;1
Yr9;13410;10;H134;28.91;0
Yr9;13510;10;H135;41.06333333;0
Yr9;13610;10;H136;30.62333333;0
Yr9;13710;10;H137;30.78666667;0
Yr9;13810;10;H138;39.28;1
Yr9;14310;10;H143;32.66;0
Yr9;14410;10;H144;27.77;0
Yr9;15010;10;H150;43.51;0
Yr9;15210;10;H152;39.96333333;0
Yr9;16210;10;H162;49.70666667;1
Yr9;16310;10;H163;42.58;0
Yr9;16510;10;H165;21.37666667;0
Yr9;16610;10;H166;62.7;0
Yr9;16910;10;H169;55.3;1
